id,name,email,age,country,phone
6000,Marco Alvarez,marco.alvarez6000@example.com,28,France,+1-555-7924
6001,Fiona Kowalski,fiona.kowalski6001@example.com,27,Russia,+1-555-6514
6002,Bianca Nowak,bianca.nowak6002@example.com,42,Brazil,+1-555-6881
6003,Nadia Ferreira,nadia.ferreira6003@example.com,56,Nigeria,+1-555-1711
6004,Lucia Ivanov,lucia.ivanov6004@example.com,52,Brazil,+1-555-7201
6005,Bianca Suzuki,bianca.suzuki6005@example.com,36,Canada,+1-555-6925
6006,Julia Rossi,julia.rossi6006@example.com,63,Brazil,+1-555-1750
6007,Kwame Rossi,kwame.rossi6007@example.com,67,Nigeria,+1-555-2307
6008,Nadia Rossi,nadia.rossi6008@example.com,73,Brazil,+1-555-7227
6009,Elias Ivanov,elias.ivanov6009@example.com,58,Canada,+1-555-6977
6010,Carlos Ferreira,carlos.ferreira6010@example.com,40,Russia,+1-555-5374
6011,Lucia Baptiste,lucia.baptiste6011@example.com,61,India,+1-555-2169
6012,Julia Okoro,julia.okoro6012@example.com,28,Norway,+1-555-5010
6013,,carlos.ivanov6013@example.com,42,Nigeria,+1-555-4598
6014,Fiona Kimura,fiona.kimura6014@example.com,67,Kenya,+1-555-1916
6015,Dana Kimura,dana.kimura6015@example.com,20,Kenya,+1-555-6168
6016,Gustavo Kowalski,gustavo.kowalski6016@example.com,22,Russia,+1-555-6155
6017,Dana Okoro,dana.okoro6017@example.com,49,Italy,+1-555-8517
6018,Carlos Kowalski,carlos.kowalski6018@example.com,26,Russia,+1-555-9830
6019,Elias Petit,elias.petit6019@example.com,55,Italy,+1-555-7543
6020,Fiona Rossi,fiona.rossi6020@example.com,26,Norway,+1-555-9085
6021,Bianca Alvarez,bianca.alvarez6021@example.com,21,Canada,+1-555-2796
6022,Carlos Okoro,carlos.okoro6022@example.com,28,Kenya,+1-555-7916
6023,Julia Nowak,julia.nowak6023@example.com,42,Italy,+1-555-8668
6024,Ivan Kowalski,ivan.kowalski6024@example.com,53,Canada,+1-555-1188
6025,Kwame Petit,kwame.petit6025@example.com,25,India,+1-555-9797
6026,Marco Kowalski,marco.kowalski6026@example.com,67,India,+1-555-6573
6027,Bianca Kowalski,bianca.kowalski6027@example.com,45,China,+1-555-8433
6028,Alex Petit,alex.petit6028@example.com,74,France,+1-555-5315
6029,Ivan Alvarez,ivan.alvarez6029@example.com,29,Norway,+1-555-2743
6030,Nadia Okoro,nadia.okoro6030@example.com,37,Canada,+1-555-9317
6031,Julia Rossi,julia.rossi6031@example.com,27,Egypt,+1-555-3646
6032,Ivan Alvarez,ivan.alvarez6032@example.com,51,Germany,+1-555-1009
6033,Julia Ferreira,julia.ferreira6033@example.com,49,USA,+1-555-2832
6034,Omar Ferreira,omar.ferreira6034@example.com,74,Canada,+1-555-6038
6035,Dana Silva,dana.silva6035@example.com,33,Germany,+1-555-2290
6036,Bianca Petit,bianca.petit6036@example.com,49,Canada,+1-555-2133
6037,Marco Suzuki,marco.suzuki6037@example.com,67,China,+1-555-3103
6038,Kwame Ivanov,kwame.ivanov6038@example.com,53,China,+1-555-5342
6039,Ivan Kimura,ivan.kimura6039@example.com,56,Italy,+1-555-4470
6040,Omar Suzuki,omar.suzuki6040@example.com,66,France,+1-555-4295
6041,Lucia Kowalski,lucia.kowalski6041@example.com,43,India,+1-555-7118
6042,Helena Baptiste,helena.baptiste6042@example.com,51,Japan,+1-555-2982
6043,Dana Rossi,dana.rossi6043@example.com,22,Egypt,+1-555-1344
6044,Julia Suzuki,julia.suzuki6044@example.com,32,Mexico,+1-555-4608
6045,Alex Nowak,alex.nowak6045@example.com,63,India,+1-555-1964
6046,Dana Nowak,dana.nowak6046@example.com,75,USA,+1-555-6413
6047,Bianca Suzuki,bianca.suzuki6047@example.com,33,Nigeria,+1-555-8953
6048,Dana Suzuki,dana.suzuki6048@example.com,26,France,+1-555-8744
6049,Dana Alvarez,dana.alvarez6049@example.com,48,Kenya,+1-555-7669
6050,Dana Nowak,dana.nowak6050@example.com,24,India,+1-555-8062
6051,,fiona.haddad6051@example.com,44,Japan,+1-555-1887
6052,Kwame Okoro,kwame.okoro6052@example.com,24,USA,+1-555-7596
6053,Lucia Ferreira,lucia.ferreira6053@example.com,69,Canada,+1-555-2790
6054,Dana Rossi,dana.rossi6054example.com,30,Norway,+1-555-8350
6055,Gustavo Mensah,gustavo.mensah6055@example.com,35,Japan,+1-555-5092
6056,Nadia Baptiste,nadia.baptiste6056@example.com,22,Japan,+1-555-2604
6057,Alex Okoro,alex.okoro6057@example.com,52,Canada,+1-555-1241
6058,Bianca Baptiste,bianca.baptiste6058@example.com,66,Canada,+1-555-4872
6059,Carlos Haddad,carlos.haddad6059@example.com,49,Japan,+1-555-4502
6060,Nadia Haddad,nadia.haddad6060@example.com,75,USA,+1-555-3697
6061,Gustavo Silva,gustavo.silva6061@example.com,130,Nigeria,+1-555-8454
6062,Lucia Petit,lucia.petit6062@example.com,68,Norway,+1-555-8973
6063,Carlos Rossi,carlos.rossi6063@example.com,36,Russia,+1-555-1958
6064,Julia Petit,julia.petit6064@example.com,52,USA,+1-555-6138
6065,,alex.silva6065@example.com,55,Japan,+1-555-9238
6066,Carlos Silva,carlos.silva6066@example.com,50,Brazil,+1-555-4044
6067,Bianca Duarte,bianca.duarte6067@example.com,22,India,+1-555-4853
6068,Gustavo Nowak,gustavo.nowak6068@example.com,74,Mexico,+1-555-5033
6069,Julia Duarte,julia.duarte6069@example.com,20,Mexico,+1-555-2343
6070,Gustavo Okoro,gustavo.okoro6070@example.com,55,Mexico,+1-555-9565
6071,Fiona Baptiste,fiona.baptiste6071@example.com,34,Russia,+1-555-6147
6072,Dana Kowalski,dana.kowalski6072@example.com,43,China,+1-555-5915
6073,Helena Ferreira,helena.ferreira6073@example.com,66,Germany,+1-555-2188
6074,Alex Ivanov,alex.ivanov6074@example.com,57,Mexico,+1-555-2638
6075,Bianca Suzuki,bianca.suzuki6075@example.com,31,Norway,+1-555-5345
6076,Carlos Baptiste,carlos.baptiste6076@example.com,40,Germany,+1-555-2127
6077,Omar Rossi,omar.rossi6077@example.com,41,Nigeria,+1-555-3584
6078,Helena Kimura,helena.kimura6078@example.com,52,France,+1-555-5956
6079,Julia Alvarez,julia.alvarez6079@example.com,59,Norway,+1-555-1128
6080,Kwame Kimura,kwame.kimura6080@example.com,53,Nigeria,+1-555-2697
6081,Omar Mensah,omar.mensah6081@example.com,34,Brazil,+1-555-2753
6082,Lucia Suzuki,lucia.suzuki6082@example.com,27,Nigeria,+1-555-5616
6083,Julia Rossi,julia.rossi6083@example.com,63,Egypt,+1-555-4335
6084,Kwame Okoro,kwame.okoro6084@example.com,72,Nigeria,+1-555-9280
6085,Helena Kowalski,helena.kowalski6085@example.com,75,Germany,+1-555-1832
6086,Bianca Okoro,bianca.okoro6086@example.com,45,Canada,+1-555-5533
6087,Alex Silva,alex.silva6087@example.com,39,Kenya,+1-555-3143
6088,Kwame Kowalski,kwame.kowalski6088@example.com,28,France,+1-555-8239
6089,Ivan Petit,ivan.petit6089@example.com,45,Norway,+1-555-1158
6090,Bianca Nowak,bianca.nowak6090@example.com,74,France,+1-555-3442
6091,Ivan Silva,ivan.silva6091@example.com,71,Egypt,+1-555-3426
6092,Gustavo Mensah,gustavo.mensah6092@example.com,20,Nigeria,+1-555-6974
6093,Omar Baptiste,omar.baptiste6093@example.com,68,Canada,+1-555-1653
6094,Omar Ferreira,omar.ferreira6094@example.com,31,India,+1-555-5088
6095,Kwame Nowak,kwame.nowak6095@example.com,40,Kenya,+1-555-7658
6096,Julia Petit,julia.petit6096@example.com,27,Germany,+1-555-4878
6097,Nadia Mensah,nadia.mensah6097@example.com,69,Kenya,+1-555-3900
6098,Omar Haddad,omar.haddad6098@example.com,19,China,+1-555-6442
6099,Marco Baptiste,marco.baptiste6099@example.com,44,Kenya,+1-555-5065
6100,Elias Mensah,elias.mensah6100@example.com,68,France,+1-555-2771
6101,Gustavo Kimura,gustavo.kimura6101@example.com,20,Canada,+1-555-8711
6102,Dana Rossi,dana.rossi6102@example.com,70,Germany,+1-555-8541
6103,Fiona Kowalski,fiona.kowalski6103@example.com,70,Kenya,+1-555-4728
6104,Dana Silva,dana.silva6104@example.com,60,Russia,+1-555-7528
6105,Fiona Kowalski,fiona.kowalski6105@example.com,73,Brazil,+1-555-5573
6106,Fiona Okoro,fiona.okoro6106@example.com,50,Italy,+1-555-9785
6107,Fiona Silva,fiona.silva6107@example.com,25,Germany,+1-555-5279
6108,Carlos Duarte,carlos.duarte6108@example.com,34,USA,+1-555-2776
6109,Julia Haddad,julia.haddad6109@example.com,40,France,+1-555-6139
6110,Gustavo Duarte,gustavo.duarte6110@example.com,50,Brazil,+1-555-7311
6111,Omar Duarte,omar.duarte6111@example.com,30,Nigeria,+1-555-1727
6112,Lucia Haddad,lucia.haddad6112@example.com,18,Norway,+1-555-9821
6113,Kwame Petit,kwame.petit6113@example.com,65,France,+1-555-4228
6114,Fiona Haddad,fiona.haddad6114@example.com,22,India,+1-555-6409
6115,Julia Ferreira,julia.ferreira6115@example.com,60,Canada,+1-555-3041
6116,Lucia Baptiste,lucia.baptiste6116@example.com,37,Norway,+1-555-6067
6117,Kwame Haddad,kwame.haddad6117@example.com,38,Italy,+1-555-5844
6118,Ivan Mensah,ivan.mensah6118@example.com,30,Italy,+1-555-7211
6119,Kwame Petit,kwame.petit6119@example.com,75,China,+1-555-5930
6120,Gustavo Suzuki,gustavo.suzuki6120@example.com,71,USA,+1-555-5978
6121,Elias Rossi,elias.rossi6121@example.com,45,Kenya,+1-555-6279
6122,Helena Ivanov,helena.ivanov6122@example.com,46,India,+1-555-4501
6123,Ivan Ivanov,ivan.ivanov6123@example.com,68,Germany,+1-555-3780
6124,Kwame Nowak,kwame.nowak6124@example.com,36,Norway,+1-555-6491
6125,Bianca Kimura,bianca.kimura6125@example.com,66,Russia,+1-555-6085
6126,Dana Alvarez,dana.alvarez6126@example.com,30,China,+1-555-1400
6127,Alex Rossi,alex.rossi6127@example.com,48,Mexico,+1-555-2193
6128,Helena Haddad,helena.haddad6128@example.com,74,India,+1-555-4185
6129,Lucia Petit,lucia.petit6129@example.com,42,Japan,+1-555-7547
6130,Dana Mensah,dana.mensah6130@example.com,59,France,+1-555-1090
6131,Omar Alvarez,omar.alvarez6131@example.com,73,Kenya,+1-555-2746
6132,Marco Haddad,marco.haddad6132@example.com,32,China,+1-555-9486
6133,Helena Silva,helena.silva6133@example.com,53,Russia,+1-555-2988
6134,Helena Mensah,helena.mensah6134@example.com,69,Japan,+1-555-9702
6135,Ivan Duarte,ivan.duarte6135@example.com,38,Kenya,+1-555-8251
6136,Julia Kimura,julia.kimura6136@example.com,64,Germany,+1-555-9270
6137,Gustavo Kimura,gustavo.kimura6137@example.com,53,Japan,+1-555-3607
6138,Lucia Kimura,lucia.kimura6138@example.com,48,Japan,+1-555-5246
6139,Marco Rossi,marco.rossi6139@example.com,71,India,+1-555-5543
6140,Marco Alvarez,marco.alvarez6140@example.com,51,Japan,+1-555-4919
6141,Elias Ivanov,elias.ivanov6141@example.com,22,France,+1-555-5681
6142,Dana Kowalski,dana.kowalski6142@example.com,39,Egypt,+1-555-9849
6143,Bianca Mensah,bianca.mensah6143@example.com,27,Russia,+1-555-7275
6144,Lucia Mensah,lucia.mensah6144@example.com,63,Russia,+1-555-2052
6145,Gustavo Haddad,gustavo.haddad6145@example.com,39,Norway,+1-555-8633
6146,Gustavo Silva,gustavo.silva6146@example.com,31,Canada,+1-555-7883
6147,Gustavo Baptiste,gustavo.baptiste6147@example.com,67,Mexico,+1-555-1320
6148,Nadia Baptiste,nadia.baptiste6148@example.com,66,Mexico,+1-555-7232
6149,Helena Silva,helena.silva6149@example.com,40,Nigeria,+1-555-7389
6150,Nadia Baptiste,nadia.baptiste6150@example.com,71,Italy,+1-555-9818
6151,Lucia Petit,lucia.petit6151@example.com,52,Kenya,+1-555-4613
6152,Helena Rossi,helena.rossi6152@example.com,35,Italy,+1-555-8956
6153,Alex Haddad,alex.haddad6153@example.com,39,India,+1-555-7624
6154,Lucia Mensah,lucia.mensah6154@example.com,71,Japan,+1-555-3091
6155,Julia Suzuki,julia.suzuki6155@example.com,19,Germany,+1-555-7455
6156,Julia Duarte,julia.duarte6156@example.com,60,USA,+1-555-2375
6157,Kwame Haddad,kwame.haddad6157@example.com,26,Canada,+1-555-8564
6158,Carlos Silva,carlos.silva6158@example.com,34,Italy,+1-555-6363
6159,Dana Ivanov,dana.ivanov6159@example.com,38,Egypt,+1-555-7211
6160,Elias Alvarez,elias.alvarez6160@example.com,71,Italy,+1-555-5133
6161,Nadia Nowak,nadia.nowak6161@example.com,48,USA,+1-555-9837
6162,Alex Ferreira,alex.ferreira6162@example.com,32,India,+1-555-2124
6163,Marco Okoro,marco.okoro6163@example.com,20,Kenya,+1-555-1508
6164,Dana Rossi,dana.rossi6164@example.com,71,USA,+1-555-3496
6165,Dana Mensah,dana.mensah6165@example.com,48,India,+1-555-2874
6166,Julia Rossi,julia.rossi6166@example.com,47,France,+1-555-5198
6167,Marco Ferreira,marco.ferreira6167@example.com,28,Mexico,+1-555-2876
6168,Marco Kimura,marco.kimura6168@example.com,28,Nigeria,+1-555-2771
6169,Julia Silva,julia.silva6169@example.com,37,Mexico,+1-555-7149
6170,Gustavo Petit,gustavo.petit6170@example.com,30,Brazil,+1-555-4978
6171,Bianca Petit,bianca.petit6171@example.com,67,Nigeria,+1-555-2983
6172,Marco Duarte,marco.duarte6172@example.com,68,USA,+1-555-6688
6173,Ivan Haddad,ivan.haddad6173@example.com,60,Egypt,+1-555-2129
6174,Ivan Okoro,ivan.okoro6174@example.com,39,USA,+1-555-7882
6175,Nadia Ivanov,nadia.ivanov6175@example.com,24,Italy,+1-555-6934
6176,Kwame Baptiste,kwame.baptiste6176@example.com,71,Japan,+1-555-3506
6177,Gustavo Mensah,gustavo.mensah6177@example.com,64,Norway,+1-555-5425
6178,Julia Alvarez,julia.alvarez6178@example.com,130,Kenya,+1-555-8921
6179,Nadia Petit,nadia.petit6179@example.com,55,Nigeria,+1-555-6280
6180,Nadia Rossi,nadia.rossi6180@example.com,71,Germany,+1-555-2419
6181,Elias Baptiste,elias.baptiste6181@example.com,46,Russia,+1-555-8613
6182,Julia Duarte,julia.duarte6182@example.com,60,Italy,+1-555-6511
6183,Alex Ivanov,alex.ivanov6183@example.com,72,Egypt,+1-555-3979
6184,Helena Rossi,helena.rossi6184@example.com,40,Kenya,+1-555-5232
6185,Fiona Kowalski,fiona.kowalski6185@example.com,74,Mexico,+1-555-5526
6186,Ivan Silva,ivan.silva6186@example.com,51,Russia,+1-555-2402
6187,Dana Petit,dana.petit6187@example.com,44,Japan,+1-555-4937
6188,Lucia Ivanov,lucia.ivanov6188@example.com,59,France,+1-555-9041
6189,Helena Alvarez,helena.alvarez6189@example.com,19,Brazil,+1-555-5820
6190,Dana Haddad,dana.haddad6190@example.com,62,Russia,+1-555-6016
6191,Kwame Duarte,kwame.duarte6191@example.com,130,Japan,+1-555-9698
6192,Lucia Suzuki,lucia.suzuki6192@example.com,39,Egypt,+1-555-8434
6193,Elias Kowalski,elias.kowalski6193@example.com,34,Russia,+1-555-2976
6194,Lucia Rossi,lucia.rossi6194@example.com,38,Brazil,+1-555-9779
6195,Marco Petit,marco.petit6195@example.com,29,Russia,+1-555-4545
6196,Lucia Ivanov,lucia.ivanov6196@example.com,35,France,+1-555-9595
6197,Julia Kowalski,julia.kowalski6197@example.com,24,Canada,+1-555-4180
6198,Elias Rossi,elias.rossi6198@example.com,41,China,+1-555-5952
6199,Alex Petit,alex.petit6199@example.com,52,China,+1-555-5494
6200,Alex Silva,alex.silva6200@example.com,53,Nigeria,+1-555-3068
6201,Kwame Kimura,kwame.kimura6201@example.com,66,Japan,+1-555-2680
6202,Nadia Silva,nadia.silva6202@example.com,54,Nigeria,+1-555-8690
6203,Helena Ivanov,helena.ivanov6203@example.com,39,China,+1-555-1841
6204,Elias Kimura,elias.kimura6204@example.com,48,Brazil,+1-555-2070
6205,Gustavo Ivanov,gustavo.ivanov6205@example.com,22,Mexico,+1-555-1878
6206,Carlos Mensah,carlos.mensah6206@example.com,69,Mexico,+1-555-5978
6207,Bianca Rossi,bianca.rossi6207@example.com,25,Norway,+1-555-7818
6208,Julia Duarte,julia.duarte6208@example.com,68,Mexico,+1-555-4697
6209,Marco Suzuki,marco.suzuki6209@example.com,999,Japan,+1-555-8253
6210,Gustavo Kowalski,gustavo.kowalski6210@example.com,54,Mexico,+1-555-1986
6211,Julia Petit,julia.petit6211@example.com,24,Kenya,+1-555-4404
6212,Kwame Rossi,kwame.rossi6212@example.com,34,India,+1-555-2330
6213,Carlos Rossi,carlos.rossi6213@example.com,29,Norway,+1-555-2229
6214,Carlos Silva,carlos.silva6214@example.com,44,Japan,+1-555-8699
6215,Elias Silva,elias.silva6215@example.com,32,Nigeria,+1-555-5632
6216,Lucia Kimura,lucia.kimura6216@example.com,47,Brazil,+1-555-4824
6217,Omar Kowalski,omar.kowalski6217@example.com,68,Kenya,+1-555-4241
6218,Gustavo Nowak,gustavo.nowak6218@example.com,52,Russia,+1-555-3441
6219,Omar Kowalski,omar.kowalski6219@example.com,70,China,+1-555-2169
6220,Alex Mensah,alex.mensah6220@example.com,68,Nigeria,+1-555-5728
6221,Helena Nowak,helena.nowak6221@example.com,47,France,+1-555-5982
6222,Lucia Haddad,lucia.haddad6222@example.com,35,Norway,+1-555-9847
6223,Helena Ivanov,helena.ivanov6223@example.com,23,Mexico,+1-555-1653
6224,Omar Haddad,omar.haddad6224@example.com,65,Egypt,+1-555-5102
6225,Alex Nowak,alex.nowak6225@example.com,32,India,+1-555-1339
6226,Marco Okoro,marco.okoro6226@example.com,70,Nigeria,+1-555-1659
6227,Marco Alvarez,marco.alvarez6227@example.com,29,Japan,+1-555-9502
6228,,kwame.ivanov6228@example.com,35,China,+1-555-8141
6229,Nadia Ivanov,nadia.ivanov6229@example.com,23,Japan,+1-555-6700
6230,Gustavo Ferreira,gustavo.ferreira6230@example.com,38,India,+1-555-2713
6231,Nadia Mensah,nadia.mensah6231@example.com,39,Italy,+1-555-9117
6232,Elias Okoro,elias.okoro6232@example.com,43,Canada,+1-555-1601
6233,Helena Nowak,helena.nowak6233@example.com,38,Nigeria,+1-555-6296
6234,Bianca Alvarez,bianca.alvarez6234@example.com,43,Canada,+1-555-9431
6235,Nadia Silva,nadia.silva6235@example.com,60,Canada,+1-555-9889
6236,Helena Haddad,helena.haddad6236@example.com,21,Russia,+1-555-9494
6237,Fiona Duarte,fiona.duarte6237@example.com,66,Japan,+1-555-8242
6238,Marco Silva,marco.silva6238@example.com,31,Nigeria,+1-555-9998
6239,Carlos Baptiste,carlos.baptiste6239@example.com,36,Japan,+1-555-8941
6240,Bianca Silva,bianca.silva6240@example.com,58,Mexico,+1-555-4920
6241,Lucia Mensah,lucia.mensah6241@example.com,37,Norway,+1-555-1224
6242,Ivan Haddad,ivan.haddad6242@example.com,23,Russia,+1-555-2858
6243,Helena Nowak,helena.nowak6243@example.com,59,Canada,+1-555-3522
6244,Helena Baptiste,helena.baptiste6244@example.com,63,Nigeria,+1-555-9337
6245,Lucia Kowalski,lucia.kowalski6245@example.com,44,Canada,+1-555-8905
6246,Helena Rossi,helena.rossi6246@example.com,47,Norway,+1-555-3369
6247,Gustavo Rossi,gustavo.rossi6247@example.com,56,Norway,+1-555-3236
6248,Nadia Nowak,nadia.nowak6248@example.com,35,Kenya,+1-555-7798
6249,Fiona Baptiste,fiona.baptiste6249@example.com,68,Norway,+1-555-5377
6250,Nadia Silva,nadia.silva6250@example.com,36,France,+1-555-5891
6251,Nadia Duarte,nadia.duarte6251@example.com,55,India,+1-555-9022
6252,Nadia Mensah,nadia.mensah6252@example.com,46,Norway,+1-555-8935
6253,Fiona Ferreira,fiona.ferreira6253@example.com,53,Kenya,+1-555-9903
6254,Gustavo Ivanov,gustavo.ivanov6254@example.com,38,Canada,+1-555-4090
6255,Lucia Rossi,lucia.rossi6255@example.com,54,Italy,+1-555-4826
6256,Nadia Alvarez,nadia.alvarez6256@example.com,44,USA,+1-555-6213
6257,Lucia Ivanov,lucia.ivanov6257@example.com,63,Germany,+1-555-7246
6258,Gustavo Okoro,gustavo.okoro6258@example.com,68,Canada,+1-555-3492
6259,Helena Silva,helena.silva6259@example.com,26,Norway,+1-555-6439
6260,Nadia Nowak,nadia.nowak6260@example.com,73,Canada,+1-555-8213
6261,Bianca Suzuki,bianca.suzuki6261@example.com,47,USA,+1-555-3361
6262,Gustavo Kimura,gustavo.kimura6262@example.com,59,China,+1-555-2225
6263,Helena Alvarez,helena.alvarez6263@example.com,34,Egypt,+1-555-7512
6264,Kwame Nowak,kwame.nowak6264@example.com,72,Egypt,+1-555-9742
6265,Gustavo Ferreira,gustavo.ferreira6265@example.com,58,France,+1-555-8994
6266,Nadia Suzuki,nadia.suzuki6266@example.com,20,Mexico,+1-555-2121
6267,Dana Okoro,dana.okoro6267@example.com,61,Germany,+1-555-5708
6268,Dana Petit,dana.petit6268@example.com,23,Italy,+1-555-2612
6269,Marco Okoro,marco.okoro6269@example.com,63,Canada,+1-555-2646
6270,Helena Mensah,helena.mensah6270@example.com,62,Nigeria,+1-555-1474
6271,Alex Ferreira,alex.ferreira6271@example.com,68,USA,+1-555-5806
6272,Fiona Ferreira,fiona.ferreira6272@example.com,45,China,+1-555-5000
6273,Ivan Haddad,ivan.haddad6273@example.com,54,India,+1-555-3950
6274,Carlos Mensah,carlos.mensah6274@example.com,23,Mexico,+1-555-7267
6275,Julia Okoro,julia.okoro6275@example.com,33,Japan,+1-555-3344
6276,Dana Ivanov,dana.ivanov6276@example.com,58,Nigeria,+1-555-8529
6277,Elias Okoro,elias.okoro6277@example.com,18,Germany,+1-555-8622
6278,Omar Kowalski,omar.kowalski6278@example.com,61,Norway,+1-555-3588
6279,Bianca Ivanov,bianca.ivanov6279@example.com,40,Mexico,+1-555-5901
6280,Kwame Haddad,kwame.haddad6280@example.com,62,Nigeria,+1-555-8484
6281,Nadia Kowalski,nadia.kowalski6281@example.com,30,Italy,+1-555-8916
6282,Bianca Rossi,bianca.rossi6282@example.com,42,Mexico,+1-555-6881
6283,Julia Kowalski,julia.kowalski6283@example.com,62,Nigeria,+1-555-1359
6284,Nadia Okoro,nadia.okoro6284@example.com,43,Nigeria,+1-555-1132
6285,,julia.kimura6285@example.com,61,Kenya,+1-555-1803
6286,Lucia Ivanov,lucia.ivanov6286@example.com,71,Germany,+1-555-5689
6287,Marco Alvarez,marco.alvarez6287@example.com,32,Mexico,+1-555-6772
6288,Dana Okoro,dana.okoro6288@example.com,30,Mexico,+1-555-5106
6289,Kwame Alvarez,kwame.alvarez6289@example.com,64,Kenya,+1-555-3240
6290,Kwame Nowak,kwame.nowak6290@example.com,75,India,+1-555-1645
6291,Elias Alvarez,elias.alvarez6291@example.com,46,USA,+1-555-6977
6292,Lucia Mensah,lucia.mensah6292@example.com,23,Germany,+1-555-5835
6293,Fiona Petit,fiona.petit6293@example.com,44,China,+1-555-4289
6294,Carlos Alvarez,carlos.alvarez6294@example.com,52,Germany,+1-555-6994
6295,Ivan Suzuki,ivan.suzuki6295@example.com,35,Canada,+1-555-3695
6296,Elias Baptiste,elias.baptiste6296@example.com,70,Japan,+1-555-5835
6297,Lucia Kimura,lucia.kimura6297@example.com,39,Kenya,+1-555-2886
6298,Helena Nowak,helena.nowak6298@example.com,27,Kenya,+1-555-4696
6299,Nadia Okoro,nadia.okoro6299@example.com,64,India,+1-555-7511
6300,Nadia Alvarez,nadia.alvarez6300@example.com,53,Egypt,+1-555-2479
6301,Marco Haddad,marco.haddad6301@example.com,18,Nigeria,+1-555-9791
6302,Bianca Ivanov,bianca.ivanov6302@example.com,41,India,+1-555-5295
6303,Julia Haddad,julia.haddad6303@example.com,70,India,+1-555-7086
6304,Bianca Okoro,bianca.okoro6304@example.com,32,Japan,+1-555-1410
6305,Julia Baptiste,julia.baptiste6305@example.com,53,Egypt,+1-555-4626
6306,Kwame Nowak,kwame.nowak6306@example.com,58,Canada,+1-555-8606
6307,Omar Petit,omar.petit6307@example.com,37,India,+1-555-7689
6308,Bianca Mensah,bianca.mensah6308@example.com,20,USA,+1-555-5986
6309,Helena Nowak,helena.nowak6309@example.com,24,Russia,+1-555-9807
6310,Carlos Haddad,carlos.haddad6310@example.com,47,Egypt,+1-555-9850
6311,Gustavo Duarte,gustavo.duarte6311@example.com,65,France,+1-555-3531
6312,Omar Haddad,omar.haddad6312@example.com,59,Brazil,+1-555-9017
6313,Julia Haddad,julia.haddad6313@example.com,35,USA,+1-555-7070
6314,Dana Ivanov,dana.ivanov6314@example.com,46,Russia,+1-555-6942
6315,Bianca Okoro,bianca.okoro6315@example.com,41,Norway,+1-555-6876
6316,Alex Haddad,alex.haddad6316@example.com,35,Russia,+1-555-3001
6317,Nadia Kimura,nadia.kimura6317@example.com,47,Brazil,+1-555-4475
6318,Kwame Okoro,kwame.okoro6318@example.com,56,USA,+1-555-1828
6319,Marco Ferreira,marco.ferreira6319@example.com,33,China,+1-555-4362
6320,Bianca Kimura,bianca.kimura6320@example.com,66,Norway,+1-555-4394
6321,Julia Rossi,julia.rossi6321@example.com,70,Canada,+1-555-4817
6322,Fiona Alvarez,fiona.alvarez6322@example.com,27,Kenya,+1-555-1046
6323,Elias Kimura,elias.kimura6323@example.com,27,China,+1-555-9850
6324,Elias Alvarez,elias.alvarez6324@example.com,29,Brazil,+1-555-1422
6325,Carlos Silva,carlos.silva6325@example.com,40,Kenya,+1-555-4898
6326,Julia Ferreira,julia.ferreira6326@example.com,19,China,+1-555-5347
6327,Alex Mensah,alex.mensah6327@example.com,65,Italy,+1-555-9619
6328,Bianca Petit,bianca.petit6328@example.com,22,Japan,+1-555-8344
6329,Marco Ferreira,marco.ferreira6329@example.com,50,Mexico,+1-555-2786
6330,Helena Suzuki,helena.suzuki6330@example.com,32,Mexico,+1-555-1710
6331,Lucia Alvarez,lucia.alvarez6331@example.com,73,India,+1-555-9543
6332,Elias Ivanov,elias.ivanov6332@example.com,59,USA,+1-555-1996
6333,Helena Kimura,helena.kimura6333@example.com,43,Italy,+1-555-2768
6334,Helena Petit,helena.petit6334@example.com,46,Brazil,+1-555-2323
6335,Fiona Duarte,fiona.duarte6335@example.com,27,Brazil,+1-555-3067
6336,Elias Duarte,elias.duarte6336@example.com,58,Mexico,+1-555-9984
6337,Lucia Ferreira,lucia.ferreira6337@example.com,42,Mexico,+1-555-9692
6338,Elias Ivanov,elias.ivanov6338@example.com,50,Mexico,+1-555-8048
6339,Bianca Alvarez,bianca.alvarez6339@example.com,62,Brazil,+1-555-4522
6340,Gustavo Ivanov,gustavo.ivanov6340@example.com,74,Russia,+1-555-7779
6341,Fiona Kimura,fiona.kimura6341@example.com,47,Italy,+1-555-7815
6342,Lucia Nowak,lucia.nowak6342@example.com,38,Italy,+1-555-6120
6343,Kwame Kowalski,kwame.kowalski6343@example.com,41,China,+1-555-8770
6344,Bianca Nowak,bianca.nowak6344@example.com,71,Brazil,+1-555-2527
6345,Gustavo Nowak,gustavo.nowak6345@example.com,65,France,+1-555-7105
6346,Marco Mensah,marco.mensah6346@example.com,53,USA,+1-555-6400
6347,Kwame Nowak,kwame.nowak6347@example.com,44,Egypt,+1-555-7929
6348,Nadia Baptiste,nadia.baptiste6348@example.com,64,USA,+1-555-5712
6349,Julia Kowalski,julia.kowalski6349@example.com,40,Brazil,+1-555-9313
6350,Dana Mensah,dana.mensah6350@example.com,60,Japan,+1-555-4674
6351,Nadia Nowak,nadia.nowak6351@example.com,40,Canada,+1-555-7022
6352,Bianca Alvarez,bianca.alvarez6352@example.com,35,Mexico,+1-555-4705
6353,Marco Haddad,marco.haddad6353@example.com,72,Norway,+1-555-1430
6354,Julia Baptiste,julia.baptiste6354@example.com,60,Canada,+1-555-5381
6355,Alex Mensah,alex.mensah6355@example.com,35,France,+1-555-6062
6356,Omar Ferreira,omar.ferreira6356@example.com,40,USA,+1-555-3972
6357,Nadia Mensah,nadia.mensah6357@example.com,54,India,+1-555-7566
6358,Bianca Mensah,bianca.mensah6358@example.com,65,India,+1-555-1502
6359,Bianca Petit,bianca.petit6359@example.com,51,Russia,+1-555-7163
6360,Gustavo Ivanov,gustavo.ivanov6360@example.com,39,China,+1-555-7062
6361,Elias Petit,elias.petit6361@example.com,38,Kenya,+1-555-2391
6362,Omar Silva,omar.silva6362@example.com,27,China,+1-555-1815
6363,Kwame Nowak,kwame.nowak6363@example.com,35,Japan,+1-555-7947
6364,Helena Duarte,helena.duarte6364@example.com,46,Italy,+1-555-5475
6365,Dana Alvarez,dana.alvarez6365@example.com,50,Brazil,+1-555-6655
6366,Gustavo Nowak,gustavo.nowak6366@example.com,36,India,+1-555-8972
6367,Ivan Okoro,ivan.okoro6367@example.com,37,USA,+1-555-4612
6368,Gustavo Duarte,gustavo.duarte6368@example.com,21,USA,+1-555-4349
6369,Elias Rossi,elias.rossi6369@example.com,67,China,+1-555-5186
6370,Elias Ferreira,elias.ferreira6370@example.com,25,USA,+1-555-9149
6371,Lucia Haddad,lucia.haddad6371@example.com,29,China,+1-555-7229
6372,Ivan Petit,ivan.petit6372@example.com,32,Norway,+1-555-6802
6373,Bianca Haddad,bianca.haddad6373@example.com,73,France,+1-555-1693
6374,Gustavo Silva,gustavo.silva6374@example.com,47,Germany,+1-555-2275
6375,Nadia Ferreira,nadia.ferreira6375@example.com,54,Italy,+1-555-7626
6376,Lucia Okoro,lucia.okoro6376@example.com,44,Nigeria,+1-555-2887
6377,Gustavo Silva,gustavo.silva6377@example.com,38,China,+1-555-8538
6378,Nadia Petit,nadia.petit6378@example.com,41,Brazil,+1-555-8155
6379,Nadia Nowak,nadia.nowak6379@example.com,33,Italy,+1-555-7560
6380,Ivan Nowak,ivan.nowak6380@example.com,43,Canada,+1-555-6083
6381,Lucia Ferreira,lucia.ferreira6381@example.com,32,Egypt,+1-555-3754
6382,Bianca Suzuki,bianca.suzuki6382@example.com,58,Brazil,+1-555-9693
6383,Ivan Rossi,ivan.rossi6383@example.com,75,Kenya,+1-555-6724
6384,Fiona Petit,fiona.petit6384@example.com,70,India,+1-555-3419
6385,Dana Nowak,dana.nowak6385@example.com,27,Nigeria,+1-555-4232
6386,Carlos Duarte,carlos.duarte6386@example.com,27,Kenya,+1-555-2234
6387,Carlos Alvarez,carlos.alvarez6387@example.com,58,Japan,+1-555-8601
6388,Marco Duarte,marco.duarte6388@example.com,66,Mexico,+1-555-8354
6389,Kwame Baptiste,kwame.baptiste6389@example.com,74,Mexico,+1-555-6295
6390,Nadia Okoro,nadia.okoro6390@example.com,38,China,+1-555-8205
6391,Bianca Ivanov,bianca.ivanov6391@example.com,46,India,+1-555-5961
6392,Marco Kowalski,marco.kowalski6392@example.com,55,USA,+1-555-6766
6393,Ivan Nowak,ivan.nowak6393@example.com,37,Japan,+1-555-8404
6394,Alex Silva,alex.silva6394@example.com,41,Canada,+1-555-5703
6395,Bianca Okoro,bianca.okoro6395@example.com,73,Canada,+1-555-2479
6396,Julia Duarte,julia.duarte6396@example.com,50,Italy,+1-555-8581
6397,Julia Suzuki,julia.suzuki6397@example.com,68,France,+1-555-1672
6398,Helena Baptiste,helena.baptiste6398@example.com,69,Mexico,+1-555-4084
6399,Fiona Duarte,fiona.duarte6399@example.com,48,Norway,+1-555-3471
6400,Alex Ivanov,alex.ivanov6400@example.com,24,Kenya,+1-555-6626
6401,Lucia Nowak,lucia.nowak6401@example.com,50,India,+1-555-3827
6402,Alex Rossi,alex.rossi6402@example.com,63,Japan,+1-555-8199
6403,Ivan Suzuki,ivan.suzuki6403@example.com,57,China,+1-555-6962
6404,Fiona Baptiste,fiona.baptiste6404@example.com,36,Italy,+1-555-7697
6405,Marco Ferreira,marco.ferreira6405@example.com,61,Mexico,+1-555-1857
6406,Marco Okoro,marco.okoro6406@example.com,59,Egypt,+1-555-2079
6407,Fiona Nowak,fiona.nowak6407@example.com,130,India,+1-555-7333
6408,Lucia Kimura,lucia.kimura6408@example.com,60,Germany,+1-555-3463
6409,Fiona Nowak,fiona.nowak6409@example.com,55,India,+1-555-3317
6410,Omar Ferreira,omar.ferreira6410@example.com,37,India,+1-555-7421
6411,Carlos Duarte,carlos.duarte6411@example.com,63,Brazil,+1-555-6072
6412,Ivan Haddad,ivan.haddad6412@example.com,59,Kenya,+1-555-6381
6413,Nadia Mensah,nadia.mensah6413@example.com,60,France,+1-555-9624
6414,Bianca Okoro,bianca.okoro6414@example.com,60,Italy,+1-555-9331
6415,Fiona Silva,fiona.silva6415@example.com,41,Nigeria,+1-555-3953
6416,Dana Ferreira,dana.ferreira6416@example.com,67,Japan,+1-555-4145
6417,Dana Mensah,dana.mensah6417@example.com,27,Brazil,+1-555-5846
6418,Nadia Alvarez,nadia.alvarez6418@example.com,24,Norway,+1-555-9843
6419,Nadia Petit,nadia.petit6419@example.com,74,Norway,+1-555-1618
6420,Kwame Ferreira,kwame.ferreira6420@example.com,74,Kenya,+1-555-3147
6421,Julia Haddad,julia.haddad6421@example.com,27,China,+1-555-3962
6422,Nadia Petit,nadia.petit6422@example.com,67,Mexico,+1-555-3712
6423,Lucia Ivanov,lucia.ivanov6423@example.com,20,Italy,+1-555-6968
6424,Kwame Petit,kwame.petit6424@example.com,33,Japan,+1-555-5668
6425,Marco Petit,marco.petit6425@example.com,68,Japan,+1-555-4833
6426,Ivan Rossi,ivan.rossi6426@example.com,37,Kenya,+1-555-8684
6427,Omar Kimura,omar.kimura6427@example.com,30,Egypt,+1-555-8218
6428,Helena Alvarez,helena.alvarez6428@example.com,36,Kenya,+1-555-7256
6429,Ivan Suzuki,ivan.suzuki6429@example.com,44,China,+1-555-4271
6430,Marco Duarte,marco.duarte6430@example.com,26,Canada,+1-555-5096
6431,Alex Okoro,alex.okoro6431@example.com,48,Canada,+1-555-7081
6432,Ivan Baptiste,ivan.baptiste6432@example.com,24,France,+1-555-9452
6433,Nadia Nowak,nadia.nowak6433@example.com,36,Brazil,+1-555-3626
6434,Elias Ivanov,elias.ivanov6434@example.com,75,Norway,+1-555-3414
6435,Nadia Haddad,nadia.haddad6435@example.com,23,Germany,+1-555-4637
6436,Nadia Ivanov,nadia.ivanov6436@example.com,74,Egypt,+1-555-1436
6437,Gustavo Silva,gustavo.silva6437@example.com,43,Norway,+1-555-7126
6438,Dana Haddad,dana.haddad6438@example.com,23,Egypt,+1-555-4678
6439,Alex Ferreira,alex.ferreira6439@example.com,24,Canada,+1-555-6493
6440,Marco Mensah,marco.mensah6440@example.com,26,USA,+1-555-5700
6441,Omar Kimura,omar.kimura6441@example.com,48,France,+1-555-3273
6442,Marco Petit,marco.petit6442@example.com,48,Japan,+1-555-1086
6443,Omar Nowak,omar.nowak6443@example.com,19,Nigeria,+1-555-4533
6444,Nadia Mensah,nadia.mensah6444@example.com,53,France,+1-555-9647
6445,Gustavo Nowak,gustavo.nowak6445@example.com,67,Nigeria,+1-555-4893
6446,Elias Nowak,elias.nowak6446@example.com,21,Russia,+1-555-7878
6447,Kwame Alvarez,kwame.alvarez6447example.com,57,Japan,+1-555-2029
6448,Nadia Baptiste,nadia.baptiste6448@example.com,49,Mexico,+1-555-9782
6449,Alex Okoro,alex.okoro6449@example.com,50,Mexico,+1-555-4963
6450,Lucia Mensah,lucia.mensah6450@example.com,36,Italy,+1-555-1025
6451,Julia Ferreira,julia.ferreira6451example.com,33,Mexico,+1-555-7825
6452,Kwame Okoro,kwame.okoro6452@example.com,23,Norway,+1-555-6908
6453,Bianca Suzuki,bianca.suzuki6453@example.com,52,Norway,+1-555-9316
6454,Ivan Silva,ivan.silva6454@example.com,42,Canada,+1-555-8702
6455,Alex Okoro,alex.okoro6455@example.com,42,Egypt,+1-555-5155
6456,Lucia Silva,lucia.silva6456@example.com,40,Kenya,+1-555-2106
6457,,fiona.rossi6457@example.com,64,India,+1-555-2698
6458,Lucia Alvarez,lucia.alvarez6458@example.com,39,China,+1-555-1726
6459,Fiona Suzuki,fiona.suzuki6459@example.com,39,Canada,+1-555-3868
6460,Nadia Alvarez,nadia.alvarez6460@example.com,61,Japan,+1-555-8840
6461,Kwame Mensah,kwame.mensah6461@example.com,69,China,+1-555-2033
6462,Lucia Alvarez,lucia.alvarez6462@example.com,47,USA,+1-555-5807
6463,Dana Silva,dana.silva6463@example.com,68,Russia,+1-555-1686
6464,Fiona Baptiste,fiona.baptiste6464@example.com,37,Norway,+1-555-7524
6465,Nadia Suzuki,nadia.suzuki6465@example.com,48,Nigeria,+1-555-1599
6466,Marco Okoro,marco.okoro6466@example.com,30,Nigeria,+1-555-6848
6467,Nadia Alvarez,nadia.alvarez6467@example.com,21,Canada,+1-555-6438
6468,Elias Nowak,elias.nowak6468@example.com,69,Egypt,+1-555-8159
6469,Omar Haddad,omar.haddad6469@example.com,65,Japan,+1-555-7334
6470,Fiona Mensah,fiona.mensah6470@example.com,49,France,+1-555-9151
6471,Fiona Baptiste,fiona.baptiste6471@example.com,69,Norway,+1-555-5369
6472,Marco Nowak,marco.nowak6472@example.com,64,Italy,+1-555-2293
6473,Gustavo Duarte,gustavo.duarte6473@example.com,70,China,+1-555-9937
6474,Elias Ferreira,elias.ferreira6474@example.com,24,Brazil,+1-555-6372
6475,Kwame Kowalski,kwame.kowalski6475@example.com,37,Japan,+1-555-7981
6476,Carlos Petit,carlos.petit6476example.com,46,Egypt,+1-555-8325
6477,Lucia Kimura,lucia.kimura6477@example.com,40,Mexico,+1-555-8126
6478,Elias Okoro,elias.okoro6478@example.com,68,USA,+1-555-2229
6479,Kwame Okoro,kwame.okoro6479@example.com,43,Egypt,+1-555-9406
6480,Marco Petit,marco.petit6480@example.com,61,China,+1-555-1510
6481,Carlos Kimura,carlos.kimura6481@example.com,56,India,+1-555-8179
6482,Alex Mensah,alex.mensah6482@example.com,22,Russia,+1-555-7001
6483,Fiona Haddad,fiona.haddad6483@example.com,54,USA,+1-555-3513
6484,Kwame Ivanov,kwame.ivanov6484@example.com,41,Egypt,+1-555-8273
6485,Marco Nowak,marco.nowak6485@example.com,54,China,+1-555-9674
6486,Fiona Haddad,fiona.haddad6486@example.com,38,India,+1-555-5566
6487,Dana Nowak,dana.nowak6487@example.com,19,France,+1-555-4048
6488,Helena Suzuki,helena.suzuki6488@example.com,42,Germany,+1-555-2929
6489,Elias Alvarez,elias.alvarez6489@example.com,34,France,+1-555-8311
6490,Dana Duarte,dana.duarte6490@example.com,36,France,+1-555-9047
6491,Dana Nowak,dana.nowak6491@example.com,26,Canada,+1-555-2213
6492,Helena Mensah,helena.mensah6492@example.com,75,France,+1-555-8292
6493,Bianca Alvarez,bianca.alvarez6493@example.com,61,Canada,+1-555-6236
6494,Kwame Ferreira,kwame.ferreira6494@example.com,63,Brazil,+1-555-9882
6495,Elias Baptiste,elias.baptiste6495@example.com,37,Canada,+1-555-3580
6496,Lucia Petit,lucia.petit6496@example.com,62,India,+1-555-3852
6497,Marco Ferreira,marco.ferreira6497@example.com,50,Russia,+1-555-2988
6498,Dana Alvarez,dana.alvarez6498@example.com,26,Russia,+1-555-9094
6499,Alex Ferreira,alex.ferreira6499@example.com,53,Mexico,+1-555-7044
6500,Helena Alvarez,helena.alvarez6500@example.com,53,China,+1-555-2412
6501,,bianca.kowalski6501@example.com,43,France,+1-555-8842
6502,Gustavo Alvarez,gustavo.alvarez6502@example.com,44,Canada,+1-555-2208
6503,Carlos Ferreira,carlos.ferreira6503@example.com,59,Brazil,+1-555-8372
6504,Helena Okoro,helena.okoro6504@example.com,51,Egypt,+1-555-3102
6505,Omar Kimura,omar.kimura6505@example.com,67,Norway,+1-555-3981
6506,Marco Mensah,marco.mensah6506@example.com,45,Norway,+1-555-1907
6507,Nadia Nowak,nadia.nowak6507@example.com,51,China,+1-555-5982
6508,Carlos Mensah,carlos.mensah6508@example.com,38,Germany,+1-555-4694
6509,Fiona Suzuki,fiona.suzuki6509@example.com,75,Nigeria,+1-555-2292
6510,Elias Rossi,elias.rossi6510@example.com,58,Norway,+1-555-5496
6511,Carlos Okoro,carlos.okoro6511@example.com,37,Mexico,+1-555-9740
6512,Bianca Suzuki,bianca.suzuki6512@example.com,59,China,+1-555-3526
6513,Carlos Okoro,carlos.okoro6513@example.com,57,France,+1-555-6531
6514,Nadia Baptiste,nadia.baptiste6514@example.com,54,USA,+1-555-1464
6515,Bianca Silva,bianca.silva6515@example.com,59,Kenya,+1-555-5336
6516,Kwame Rossi,kwame.rossi6516@example.com,67,Mexico,+1-555-7825
6517,Julia Okoro,julia.okoro6517@example.com,19,Japan,+1-555-9938
6518,Elias Okoro,elias.okoro6518@example.com,37,Japan,+1-555-5012
6519,Marco Alvarez,marco.alvarez6519@example.com,61,Italy,+1-555-5873
6520,Helena Nowak,helena.nowak6520@example.com,62,USA,+1-555-3589
6521,Helena Haddad,helena.haddad6521@example.com,48,Japan,+1-555-4342
6522,Fiona Duarte,fiona.duarte6522@example.com,27,Egypt,+1-555-6231
6523,Lucia Kimura,lucia.kimura6523@example.com,40,Italy,+1-555-3142
6524,Marco Ferreira,marco.ferreira6524@example.com,50,Norway,+1-555-2739
6525,Fiona Rossi,fiona.rossi6525@example.com,47,Brazil,+1-555-5382
6526,Helena Rossi,helena.rossi6526@example.com,27,Brazil,+1-555-1829
6527,Elias Haddad,elias.haddad6527@example.com,73,Mexico,+1-555-7850
6528,Dana Kimura,dana.kimura6528@example.com,75,China,+1-555-6364
6529,Omar Duarte,omar.duarte6529@example.com,64,Egypt,+1-555-4110
6530,Marco Mensah,marco.mensah6530@example.com,49,Norway,+1-555-8648
6531,Helena Baptiste,helena.baptiste6531@example.com,37,Japan,+1-555-1379
6532,Bianca Haddad,bianca.haddad6532@example.com,50,Japan,+1-555-4944
6533,Dana Duarte,dana.duarte6533@example.com,40,USA,+1-555-1828
6534,Elias Ivanov,elias.ivanov6534@example.com,56,Germany,+1-555-8710
6535,Elias Suzuki,elias.suzuki6535@example.com,18,Canada,+1-555-2761
6536,Gustavo Mensah,gustavo.mensah6536@example.com,74,Nigeria,+1-555-6992
6537,Marco Haddad,marco.haddad6537@example.com,41,USA,+1-555-7563
6538,Alex Duarte,alex.duarte6538@example.com,53,Russia,+1-555-6939
6539,Ivan Kowalski,ivan.kowalski6539@example.com,22,Italy,+1-555-9261
6540,Helena Alvarez,helena.alvarez6540@example.com,53,Nigeria,+1-555-2946
6541,Carlos Nowak,carlos.nowak6541@example.com,43,Egypt,+1-555-6555
6542,Ivan Ferreira,ivan.ferreira6542@example.com,66,China,+1-555-4261
6543,Julia Suzuki,julia.suzuki6543@example.com,43,Norway,+1-555-1659
6544,Alex Silva,alex.silva6544@example.com,26,France,+1-555-6456
6545,Marco Ivanov,marco.ivanov6545@example.com,51,Japan,+1-555-3440
6546,Julia Baptiste,julia.baptiste6546@example.com,50,China,+1-555-6373
6547,Omar Duarte,omar.duarte6547@example.com,38,China,+1-555-7438
6548,Julia Petit,julia.petit6548@example.com,71,Nigeria,+1-555-6511
6549,Ivan Kimura,ivan.kimura6549@example.com,50,Norway,+1-555-9025
6550,Lucia Duarte,lucia.duarte6550@example.com,37,Japan,+1-555-1272
6551,Fiona Ferreira,fiona.ferreira6551@example.com,61,Brazil,+1-555-7824
6552,Julia Kowalski,julia.kowalski6552@example.com,68,Germany,+1-555-1436
6553,Julia Ivanov,julia.ivanov6553@example.com,34,India,+1-555-4728
6554,Lucia Silva,lucia.silva6554@example.com,55,Japan,+1-555-3793
6555,Ivan Okoro,ivan.okoro6555@example.com,64,Mexico,+1-555-7229
6556,Carlos Kimura,carlos.kimura6556@example.com,61,Russia,+1-555-1517
6557,Julia Petit,julia.petit6557@example.com,25,Russia,+1-555-1310
6558,Helena Ferreira,helena.ferreira6558@example.com,44,China,+1-555-7765
6559,Lucia Rossi,lucia.rossi6559@example.com,44,Norway,+1-555-8726
6560,Nadia Kimura,nadia.kimura6560@example.com,65,France,+1-555-2020
6561,Lucia Mensah,lucia.mensah6561@example.com,51,Russia,+1-555-6325
6562,Kwame Ivanov,kwame.ivanov6562@example.com,51,Italy,+1-555-6140
6563,Carlos Ivanov,carlos.ivanov6563@example.com,999,Egypt,+1-555-9950
6564,Marco Kimura,marco.kimura6564@example.com,64,India,+1-555-5331
6565,Julia Ivanov,julia.ivanov6565@example.com,30,Russia,+1-555-5571
6566,Ivan Kowalski,ivan.kowalski6566@example.com,32,Nigeria,+1-555-5735
6567,Lucia Rossi,lucia.rossi6567@example.com,62,France,+1-555-9011
6568,Fiona Ivanov,fiona.ivanov6568@example.com,40,Norway,+1-555-5480
6569,Elias Nowak,elias.nowak6569@example.com,130,India,+1-555-9899
6570,Nadia Ferreira,nadia.ferreira6570@example.com,67,Kenya,+1-555-3399
6571,Elias Silva,elias.silva6571@example.com,36,France,+1-555-2294
6572,Fiona Baptiste,fiona.baptiste6572@example.com,46,India,+1-555-5201
6573,Lucia Ivanov,lucia.ivanov6573@example.com,31,Russia,+1-555-9824
6574,Elias Baptiste,elias.baptiste6574@example.com,53,France,+1-555-5450
6575,Carlos Nowak,carlos.nowak6575@example.com,57,France,+1-555-4920
6576,Dana Silva,dana.silva6576@example.com,60,Germany,+1-555-9700
6577,Dana Okoro,dana.okoro6577@example.com,32,USA,+1-555-2641
6578,Gustavo Ferreira,gustavo.ferreira6578@example.com,63,Japan,+1-555-2647
6579,Kwame Alvarez,kwame.alvarez6579@example.com,26,USA,+1-555-3587
6580,Gustavo Okoro,gustavo.okoro6580@example.com,74,Germany,+1-555-8793
6581,Helena Okoro,helena.okoro6581@example.com,30,Kenya,+1-555-5706
6582,Fiona Kowalski,fiona.kowalski6582@example.com,59,USA,+1-555-2465
6583,Kwame Duarte,kwame.duarte6583@example.com,32,Norway,+1-555-1611
6584,Omar Baptiste,omar.baptiste6584@example.com,29,Italy,+1-555-3880
6585,Omar Baptiste,omar.baptiste6585@example.com,20,Canada,+1-555-7504
6586,Marco Ivanov,marco.ivanov6586@example.com,29,Germany,+1-555-5742
6587,Omar Silva,omar.silva6587@example.com,18,Nigeria,+1-555-2758
6588,Omar Ferreira,omar.ferreira6588@example.com,36,Japan,+1-555-9901
6589,Ivan Ivanov,ivan.ivanov6589@example.com,74,China,+1-555-9261
6590,Helena Kowalski,helena.kowalski6590@example.com,30,Kenya,+1-555-2845
6591,Fiona Mensah,fiona.mensah6591@example.com,64,Japan,+1-555-5215
6592,Lucia Mensah,lucia.mensah6592@example.com,18,France,+1-555-6523
6593,Marco Kowalski,marco.kowalski6593@example.com,54,India,+1-555-4164
6594,Carlos Duarte,carlos.duarte6594@example.com,72,India,+1-555-7643
6595,Nadia Haddad,nadia.haddad6595@example.com,50,Egypt,+1-555-2421
6596,Gustavo Okoro,gustavo.okoro6596@example.com,24,China,+1-555-3303
6597,Helena Ferreira,helena.ferreira6597@example.com,33,USA,+1-555-5272
6598,Gustavo Rossi,gustavo.rossi6598@example.com,46,Kenya,+1-555-5374
6599,Fiona Kowalski,fiona.kowalski6599@example.com,55,France,+1-555-1187
6600,Elias Okoro,elias.okoro6600@example.com,41,France,+1-555-4871
6601,Alex Okoro,alex.okoro6601@example.com,25,Japan,+1-555-6026
6602,Carlos Haddad,carlos.haddad6602@example.com,61,Norway,+1-555-6095
6603,Lucia Nowak,lucia.nowak6603@example.com,58,Germany,+1-555-5833
6604,Fiona Duarte,fiona.duarte6604@example.com,32,Russia,+1-555-3188
6605,Helena Mensah,helena.mensah6605@example.com,47,France,+1-555-7121
6606,Gustavo Petit,gustavo.petit6606@example.com,53,Germany,+1-555-8714
6607,Marco Suzuki,marco.suzuki6607@example.com,69,India,+1-555-4578
6608,Marco Rossi,marco.rossi6608@example.com,61,Kenya,+1-555-2341
6609,Ivan Ivanov,ivan.ivanov6609@example.com,51,France,+1-555-6927
6610,Bianca Baptiste,bianca.baptiste6610@example.com,54,Brazil,+1-555-2011
6611,Nadia Suzuki,nadia.suzuki6611@example.com,75,Norway,+1-555-4312
6612,Julia Suzuki,julia.suzuki6612@example.com,27,China,+1-555-6375
6613,Nadia Suzuki,nadia.suzuki6613@example.com,46,Brazil,+1-555-4365
6614,Lucia Duarte,lucia.duarte6614@example.com,49,Brazil,+1-555-9361
6615,Helena Alvarez,helena.alvarez6615@example.com,21,Japan,+1-555-3161
6616,Ivan Haddad,ivan.haddad6616@example.com,47,Mexico,+1-555-1945
6617,Ivan Ivanov,ivan.ivanov6617@example.com,61,Kenya,+1-555-6049
6618,Lucia Silva,lucia.silva6618@example.com,43,Nigeria,+1-555-1049
6619,Lucia Rossi,lucia.rossi6619@example.com,55,Brazil,+1-555-1742
6620,Gustavo Ferreira,gustavo.ferreira6620@example.com,62,Brazil,+1-555-9866
6621,Alex Baptiste,alex.baptiste6621@example.com,75,Brazil,+1-555-8734
6622,Alex Kowalski,alex.kowalski6622@example.com,44,China,+1-555-3218
6623,Marco Okoro,marco.okoro6623@example.com,64,India,+1-555-7887
6624,Fiona Baptiste,fiona.baptiste6624@example.com,42,Japan,+1-555-7184
6625,Gustavo Nowak,gustavo.nowak6625@example.com,61,India,+1-555-9835
6626,Carlos Okoro,carlos.okoro6626@example.com,73,Egypt,+1-555-2943
6627,Carlos Suzuki,carlos.suzuki6627@example.com,43,Norway,+1-555-3086
6628,Lucia Rossi,lucia.rossi6628@example.com,71,USA,+1-555-1372
6629,Elias Ivanov,elias.ivanov6629@example.com,61,France,+1-555-9920
6630,Gustavo Suzuki,gustavo.suzuki6630@example.com,42,Canada,+1-555-4762
6631,Dana Ivanov,dana.ivanov6631@example.com,40,China,+1-555-5516
6632,Dana Baptiste,dana.baptiste6632@example.com,74,France,+1-555-2848
6633,Alex Alvarez,alex.alvarez6633@example.com,60,Italy,+1-555-1256
6634,Dana Rossi,dana.rossi6634@example.com,22,Brazil,+1-555-1550
6635,Helena Duarte,helena.duarte6635@example.com,61,France,+1-555-1797
6636,Dana Petit,dana.petit6636@example.com,20,Italy,+1-555-8191
6637,Dana Suzuki,dana.suzuki6637@example.com,31,Kenya,+1-555-1924
6638,Carlos Suzuki,carlos.suzuki6638@example.com,36,Russia,+1-555-6224
6639,Julia Duarte,julia.duarte6639@example.com,67,India,+1-555-6253
6640,Dana Kowalski,dana.kowalski6640@example.com,74,China,+1-555-9540
6641,Dana Haddad,dana.haddad6641@example.com,37,Nigeria,+1-555-1998
6642,Ivan Duarte,ivan.duarte6642@example.com,74,France,+1-555-3869
6643,Kwame Okoro,kwame.okoro6643@example.com,45,Norway,+1-555-9120
6644,Alex Ferreira,alex.ferreira6644@example.com,59,India,+1-555-7244
6645,Marco Suzuki,marco.suzuki6645@example.com,38,France,+1-555-7821
6646,Gustavo Mensah,gustavo.mensah6646@example.com,37,Italy,+1-555-4012
6647,Marco Suzuki,marco.suzuki6647@example.com,48,Russia,+1-555-4692
6648,Elias Kimura,elias.kimura6648@example.com,63,China,+1-555-8586
6649,Omar Silva,omar.silva6649@example.com,53,Italy,+1-555-7824
6650,Ivan Suzuki,ivan.suzuki6650@example.com,26,Italy,+1-555-4978
6651,Elias Rossi,elias.rossi6651@example.com,39,India,+1-555-2295
6652,Omar Ivanov,omar.ivanov6652@example.com,72,Egypt,+1-555-2514
6653,Ivan Petit,ivan.petit6653@example.com,71,Russia,+1-555-1844
6654,Elias Haddad,elias.haddad6654@example.com,61,Mexico,+1-555-1647
6655,Nadia Nowak,nadia.nowak6655@example.com,30,Kenya,+1-555-4555
6656,Helena Rossi,helena.rossi6656@example.com,73,Germany,+1-555-6455
6657,Elias Baptiste,elias.baptiste6657@example.com,18,Russia,+1-555-4113
6658,Lucia Nowak,lucia.nowak6658@example.com,65,Kenya,+1-555-8846
6659,Omar Rossi,omar.rossi6659@example.com,62,Mexico,+1-555-4350
6660,Gustavo Baptiste,gustavo.baptiste6660@example.com,33,Norway,+1-555-6269
6661,Marco Kowalski,marco.kowalski6661@example.com,42,Japan,+1-555-9743
6662,Kwame Ferreira,kwame.ferreira6662@example.com,37,Nigeria,+1-555-6892
6663,Ivan Baptiste,ivan.baptiste6663@example.com,49,Japan,+1-555-2615
6664,Marco Petit,marco.petit6664@example.com,48,Kenya,+1-555-6246
6665,Omar Rossi,omar.rossi6665@example.com,41,Egypt,+1-555-7781
6666,Alex Duarte,alex.duarte6666@example.com,73,Russia,+1-555-3390
6667,Alex Kowalski,alex.kowalski6667@example.com,53,Germany,+1-555-7841
6668,Elias Mensah,elias.mensah6668@example.com,30,Egypt,+1-555-4768
6669,Gustavo Duarte,gustavo.duarte6669@example.com,71,Russia,+1-555-9180
6670,Ivan Okoro,ivan.okoro6670@example.com,61,Egypt,+1-555-5216
6671,Marco Kimura,marco.kimura6671@example.com,49,France,+1-555-9037
6672,Helena Mensah,helena.mensah6672@example.com,64,Kenya,+1-555-6770
6673,Carlos Mensah,carlos.mensah6673@example.com,64,Norway,+1-555-9000
6674,Carlos Baptiste,carlos.baptiste6674@example.com,74,Norway,+1-555-1962
6675,Ivan Silva,ivan.silva6675@example.com,71,Canada,+1-555-2217
6676,Nadia Okoro,nadia.okoro6676@example.com,21,Kenya,+1-555-1104
6677,Gustavo Mensah,gustavo.mensah6677@example.com,71,India,+1-555-4791
6678,Bianca Petit,bianca.petit6678@example.com,27,USA,+1-555-4583
6679,Ivan Ivanov,ivan.ivanov6679@example.com,41,USA,+1-555-8916
6680,Kwame Ivanov,kwame.ivanov6680@example.com,19,USA,+1-555-9719
6681,Ivan Haddad,ivan.haddad6681@example.com,18,USA,+1-555-9673
6682,Lucia Kowalski,lucia.kowalski6682@example.com,52,Nigeria,+1-555-1280
6683,Ivan Kimura,ivan.kimura6683@example.com,62,India,+1-555-8054
6684,Marco Baptiste,marco.baptiste6684@example.com,29,Brazil,+1-555-2578
6685,Ivan Mensah,ivan.mensah6685@example.com,33,Russia,+1-555-9625
6686,Elias Kimura,elias.kimura6686@example.com,40,Nigeria,+1-555-7502
6687,Bianca Ferreira,bianca.ferreira6687@example.com,43,Japan,+1-555-4984
6688,Lucia Rossi,lucia.rossi6688@example.com,37,India,+1-555-2320
6689,Kwame Kimura,kwame.kimura6689@example.com,59,Kenya,+1-555-1519
6690,Bianca Haddad,bianca.haddad6690@example.com,42,Italy,+1-555-8798
6691,Alex Okoro,alex.okoro6691@example.com,18,France,+1-555-3807
6692,Bianca Ivanov,bianca.ivanov6692@example.com,72,Italy,+1-555-6427
6693,Julia Kimura,julia.kimura6693@example.com,24,Germany,+1-555-9653
6694,Omar Silva,omar.silva6694@example.com,32,Russia,+1-555-8790
6695,Elias Silva,elias.silva6695@example.com,22,India,+1-555-5593
6696,Omar Suzuki,omar.suzuki6696@example.com,54,India,+1-555-1539
6697,Carlos Baptiste,carlos.baptiste6697@example.com,72,Egypt,+1-555-1256
6698,Dana Duarte,dana.duarte6698@example.com,27,Kenya,+1-555-7525
6699,Omar Nowak,omar.nowak6699@example.com,37,China,+1-555-4939
6700,Julia Kimura,julia.kimura6700@example.com,72,Italy,+1-555-9856
6701,Fiona Haddad,fiona.haddad6701@example.com,66,France,+1-555-3292
6702,Marco Petit,marco.petit6702@example.com,64,Brazil,+1-555-9204
6703,Lucia Ferreira,lucia.ferreira6703@example.com,21,Brazil,+1-555-8161
6704,Dana Kimura,dana.kimura6704@example.com,22,Egypt,+1-555-7499
6705,Marco Ferreira,marco.ferreira6705@example.com,19,India,+1-555-5478
6706,Marco Ivanov,marco.ivanov6706@example.com,49,Russia,+1-555-6829
6707,Ivan Haddad,ivan.haddad6707@example.com,45,China,+1-555-7227
6708,Bianca Alvarez,bianca.alvarez6708@example.com,57,Nigeria,+1-555-5037
6709,Lucia Nowak,lucia.nowak6709@example.com,23,Nigeria,+1-555-3526
6710,Gustavo Petit,gustavo.petit6710@example.com,68,India,+1-555-3527
6711,Lucia Haddad,lucia.haddad6711@example.com,38,Egypt,+1-555-2745
6712,Bianca Silva,bianca.silva6712@example.com,37,Japan,+1-555-6896
6713,Marco Kowalski,marco.kowalski6713@example.com,24,China,+1-555-2430
6714,Carlos Haddad,carlos.haddad6714@example.com,46,Norway,+1-555-9395
6715,Gustavo Nowak,gustavo.nowak6715@example.com,19,Brazil,+1-555-6798
6716,Ivan Nowak,ivan.nowak6716@example.com,56,Mexico,+1-555-6315
6717,Nadia Haddad,nadia.haddad6717@example.com,18,Nigeria,+1-555-7779
6718,Gustavo Alvarez,gustavo.alvarez6718@example.com,23,France,+1-555-4977
6719,Julia Suzuki,julia.suzuki6719@example.com,28,India,+1-555-7237
6720,Carlos Mensah,carlos.mensah6720@example.com,35,Nigeria,+1-555-5397
6721,Helena Mensah,helena.mensah6721@example.com,22,China,+1-555-8121
6722,Elias Haddad,elias.haddad6722@example.com,37,Japan,+1-555-2260
6723,Fiona Kowalski,fiona.kowalski6723@example.com,33,France,+1-555-9123
6724,Julia Duarte,julia.duarte6724@example.com,30,Japan,+1-555-2752
6725,Carlos Kowalski,carlos.kowalski6725@example.com,18,Italy,+1-555-6443
6726,Nadia Duarte,nadia.duarte6726@example.com,42,Kenya,+1-555-6399
6727,Helena Ferreira,helena.ferreira6727@example.com,45,Canada,+1-555-3230
6728,Elias Ferreira,elias.ferreira6728@example.com,56,France,+1-555-4290
6729,Helena Ferreira,helena.ferreira6729@example.com,29,Italy,+1-555-6228
6730,Elias Petit,elias.petit6730@example.com,62,India,+1-555-9044
6731,Julia Alvarez,julia.alvarez6731@example.com,33,Egypt,+1-555-7161
6732,Elias Kimura,elias.kimura6732@example.com,68,Italy,+1-555-6980
6733,Bianca Baptiste,bianca.baptiste6733@example.com,54,Russia,+1-555-9939
6734,Carlos Okoro,carlos.okoro6734@example.com,67,Norway,+1-555-1440
6735,Lucia Ivanov,lucia.ivanov6735@example.com,63,Russia,+1-555-8183
6736,Marco Kowalski,marco.kowalski6736@example.com,71,France,+1-555-2133
6737,Nadia Kimura,nadia.kimura6737@example.com,68,Kenya,+1-555-7703
6738,Kwame Ivanov,kwame.ivanov6738@example.com,26,India,+1-555-5961
6739,Dana Kowalski,dana.kowalski6739@example.com,60,China,+1-555-7932
6740,Marco Haddad,marco.haddad6740@example.com,22,Japan,+1-555-8851
6741,Julia Haddad,julia.haddad6741@example.com,52,Norway,+1-555-7853
6742,Ivan Silva,ivan.silva6742@example.com,68,Egypt,+1-555-9796
6743,Julia Okoro,julia.okoro6743@example.com,23,Brazil,+1-555-5067
6744,Kwame Okoro,kwame.okoro6744@example.com,40,China,+1-555-1725
6745,Julia Okoro,julia.okoro6745@example.com,61,India,+1-555-7547
6746,Marco Ferreira,marco.ferreira6746@example.com,68,Italy,+1-555-2735
6747,Alex Nowak,alex.nowak6747@example.com,34,Russia,+1-555-9366
6748,Lucia Suzuki,lucia.suzuki6748@example.com,53,Mexico,+1-555-4621
6749,Helena Ferreira,helena.ferreira6749@example.com,43,Japan,+1-555-9199
6750,Carlos Ferreira,carlos.ferreira6750@example.com,19,Japan,+1-555-2712
6751,Elias Haddad,elias.haddad6751@example.com,23,Brazil,+1-555-3321
6752,Fiona Kowalski,fiona.kowalski6752@example.com,39,Japan,+1-555-4389
6753,Ivan Ivanov,ivan.ivanov6753@example.com,40,Japan,+1-555-2599
6754,Helena Petit,helena.petit6754@example.com,62,Japan,+1-555-6225
6755,Bianca Kowalski,bianca.kowalski6755@example.com,20,Kenya,+1-555-2885
6756,Alex Kimura,alex.kimura6756@example.com,39,India,+1-555-2791
6757,Kwame Alvarez,kwame.alvarez6757@example.com,28,Germany,+1-555-4996
6758,Ivan Mensah,ivan.mensah6758@example.com,53,China,+1-555-6422
6759,Ivan Haddad,ivan.haddad6759@example.com,47,Russia,+1-555-7636
6760,Kwame Mensah,kwame.mensah6760@example.com,29,India,+1-555-8080
6761,Gustavo Silva,gustavo.silva6761@example.com,65,Mexico,+1-555-4232
6762,Helena Duarte,helena.duarte6762@example.com,45,Italy,+1-555-1072
6763,Lucia Rossi,lucia.rossi6763@example.com,31,Nigeria,+1-555-2025
6764,Julia Nowak,julia.nowak6764@example.com,69,Canada,+1-555-9796
6765,Carlos Ferreira,carlos.ferreira6765@example.com,38,Russia,+1-555-8496
6766,Bianca Kowalski,bianca.kowalski6766@example.com,60,Canada,+1-555-9019
6767,Ivan Okoro,ivan.okoro6767@example.com,38,Mexico,+1-555-7367
6768,Julia Haddad,julia.haddad6768@example.com,55,Brazil,+1-555-6700
6769,Fiona Kimura,fiona.kimura6769@example.com,47,Mexico,+1-555-3826
6770,Nadia Okoro,nadia.okoro6770@example.com,63,Kenya,+1-555-5873
6771,Omar Duarte,omar.duarte6771@example.com,55,Brazil,+1-555-3194
6772,Fiona Nowak,fiona.nowak6772@example.com,33,Nigeria,+1-555-2916
6773,Carlos Ferreira,carlos.ferreira6773@example.com,62,China,+1-555-9369
6774,Gustavo Haddad,gustavo.haddad6774@example.com,56,China,+1-555-7286
6775,Gustavo Mensah,gustavo.mensah6775@example.com,49,India,+1-555-9804
6776,Lucia Baptiste,lucia.baptiste6776@example.com,59,Germany,+1-555-3838
6777,Ivan Mensah,ivan.mensah6777@example.com,49,Nigeria,+1-555-3298
6778,Carlos Ferreira,carlos.ferreira6778@example.com,71,Japan,+1-555-1878
6779,Nadia Ferreira,nadia.ferreira6779@example.com,18,Japan,+1-555-3236
6780,Dana Kimura,dana.kimura6780@example.com,42,Norway,+1-555-9281
6781,Kwame Ivanov,kwame.ivanov6781@example.com,44,India,+1-555-9056
6782,Gustavo Petit,gustavo.petit6782@example.com,71,Japan,+1-555-9006
6783,Carlos Nowak,carlos.nowak6783@example.com,54,USA,+1-555-4613
6784,Elias Silva,elias.silva6784@example.com,35,Russia,+1-555-9808
6785,Elias Mensah,elias.mensah6785@example.com,67,Japan,+1-555-9115
6786,Ivan Suzuki,ivan.suzuki6786@example.com,25,Mexico,+1-555-2871
6787,Elias Alvarez,elias.alvarez6787@example.com,52,Canada,+1-555-7010
6788,Ivan Kimura,ivan.kimura6788@example.com,66,USA,+1-555-8231
6789,Ivan Rossi,ivan.rossi6789@example.com,45,Brazil,+1-555-5055
6790,Elias Kimura,elias.kimura6790@example.com,20,Japan,+1-555-5305
6791,Fiona Kimura,fiona.kimura6791@example.com,70,Brazil,+1-555-8193
6792,Nadia Nowak,nadia.nowak6792@example.com,67,Kenya,+1-555-4882
6793,Dana Alvarez,dana.alvarez6793@example.com,65,Mexico,+1-555-6744
6794,Nadia Petit,nadia.petit6794@example.com,57,India,+1-555-8015
6795,Carlos Duarte,carlos.duarte6795@example.com,26,Kenya,+1-555-4385
6796,Nadia Rossi,nadia.rossi6796@example.com,69,USA,+1-555-6747
6797,Ivan Kowalski,ivan.kowalski6797@example.com,56,Norway,+1-555-3758
6798,Fiona Petit,fiona.petit6798@example.com,36,Nigeria,+1-555-5380
6799,Nadia Suzuki,nadia.suzuki6799@example.com,75,India,+1-555-2560
6800,Carlos Alvarez,carlos.alvarez6800@example.com,68,Italy,+1-555-1971
6801,Elias Kimura,elias.kimura6801@example.com,59,China,+1-555-3174
6802,Dana Mensah,dana.mensah6802@example.com,63,Egypt,+1-555-5055
6803,Marco Kimura,marco.kimura6803@example.com,61,Italy,+1-555-9019
6804,Carlos Duarte,carlos.duarte6804@example.com,58,Nigeria,+1-555-7786
6805,Gustavo Ivanov,gustavo.ivanov6805@example.com,22,India,+1-555-2525
6806,Gustavo Suzuki,gustavo.suzuki6806@example.com,65,Nigeria,+1-555-7046
6807,Helena Ivanov,helena.ivanov6807@example.com,38,Mexico,+1-555-1040
6808,Nadia Alvarez,nadia.alvarez6808@example.com,72,France,+1-555-2526
6809,Lucia Ivanov,lucia.ivanov6809@example.com,58,India,+1-555-6869
6810,Nadia Nowak,nadia.nowak6810@example.com,68,Norway,+1-555-7516
6811,Dana Haddad,dana.haddad6811@example.com,70,Russia,+1-555-9105
6812,Elias Ferreira,elias.ferreira6812@example.com,71,Nigeria,+1-555-6533
6813,Ivan Duarte,ivan.duarte6813@example.com,26,Mexico,+1-555-8951
6814,Marco Ferreira,marco.ferreira6814@example.com,75,India,+1-555-1793
6815,Alex Nowak,alex.nowak6815@example.com,58,Kenya,+1-555-8529
6816,Alex Nowak,alex.nowak6816@example.com,72,China,+1-555-8230
6817,Helena Silva,helena.silva6817@example.com,45,Russia,+1-555-3161
6818,Omar Okoro,omar.okoro6818@example.com,37,China,+1-555-5489
6819,Bianca Okoro,bianca.okoro6819@example.com,41,Nigeria,+1-555-2350
6820,Fiona Okoro,fiona.okoro6820@example.com,75,India,+1-555-3711
6821,Alex Haddad,alex.haddad6821@example.com,58,Nigeria,+1-555-4836
6822,Gustavo Okoro,gustavo.okoro6822@example.com,23,France,+1-555-2559
6823,Alex Rossi,alex.rossi6823@example.com,48,Brazil,+1-555-3174
6824,Julia Rossi,julia.rossi6824@example.com,51,India,+1-555-8291
6825,Alex Silva,alex.silva6825@example.com,62,Egypt,+1-555-2975
6826,Nadia Haddad,nadia.haddad6826@example.com,62,China,+1-555-8826
6827,Bianca Rossi,bianca.rossi6827@example.com,42,Brazil,+1-555-2678
6828,Bianca Ferreira,bianca.ferreira6828@example.com,41,Germany,+1-555-5902
6829,Carlos Haddad,carlos.haddad6829@example.com,67,Canada,+1-555-3181
6830,Kwame Okoro,kwame.okoro6830@example.com,27,Brazil,+1-555-9691
6831,Julia Silva,julia.silva6831@example.com,57,India,+1-555-3688
6832,Helena Ferreira,helena.ferreira6832@example.com,64,Russia,+1-555-3480
6833,Omar Haddad,omar.haddad6833@example.com,57,India,+1-555-8248
6834,Nadia Rossi,nadia.rossi6834@example.com,23,Germany,+1-555-2646
6835,Carlos Alvarez,carlos.alvarez6835@example.com,25,Mexico,+1-555-7291
6836,Fiona Haddad,fiona.haddad6836@example.com,38,Kenya,+1-555-3290
6837,Dana Kowalski,dana.kowalski6837@example.com,59,Brazil,+1-555-5065
6838,Ivan Duarte,ivan.duarte6838@example.com,56,France,+1-555-5668
6839,Marco Petit,marco.petit6839@example.com,19,Canada,+1-555-5942
6840,Dana Suzuki,dana.suzuki6840@example.com,56,Norway,+1-555-4090
6841,Lucia Haddad,lucia.haddad6841@example.com,36,India,+1-555-1894
6842,Marco Baptiste,marco.baptiste6842@example.com,68,Russia,+1-555-9108
6843,Gustavo Nowak,gustavo.nowak6843@example.com,33,Japan,+1-555-2163
6844,Ivan Baptiste,ivan.baptiste6844@example.com,18,Egypt,+1-555-6185
6845,Carlos Haddad,carlos.haddad6845@example.com,73,Canada,+1-555-7895
6846,Fiona Suzuki,fiona.suzuki6846@example.com,61,China,+1-555-8717
6847,Marco Nowak,marco.nowak6847@example.com,19,Mexico,+1-555-2106
6848,Alex Kowalski,alex.kowalski6848@example.com,31,USA,+1-555-1990
6849,Marco Haddad,marco.haddad6849@example.com,50,Nigeria,+1-555-9209
6850,Marco Haddad,marco.haddad6850@example.com,45,France,+1-555-7590
6851,Bianca Okoro,bianca.okoro6851@example.com,52,Norway,+1-555-3501
6852,Elias Nowak,elias.nowak6852@example.com,37,Brazil,+1-555-9377
6853,Omar Rossi,omar.rossi6853@example.com,69,China,+1-555-9788
6854,Fiona Haddad,fiona.haddad6854@example.com,55,India,+1-555-2083
6855,Elias Petit,elias.petit6855@example.com,45,France,+1-555-4909
6856,Alex Rossi,alex.rossi6856@example.com,23,Germany,+1-555-8118
6857,Bianca Ivanov,bianca.ivanov6857@example.com,57,Mexico,+1-555-1901
6858,Elias Okoro,elias.okoro6858@example.com,65,India,+1-555-3877
6859,Bianca Silva,bianca.silva6859example.com,63,China,+1-555-1185
6860,Helena Ferreira,helena.ferreira6860@example.com,51,Norway,+1-555-5247
6861,Carlos Ferreira,carlos.ferreira6861@example.com,26,France,+1-555-5403
6862,Lucia Baptiste,lucia.baptiste6862@example.com,25,Kenya,+1-555-1480
6863,Fiona Alvarez,fiona.alvarez6863@example.com,45,Nigeria,+1-555-9582
6864,Bianca Kowalski,bianca.kowalski6864@example.com,130,Mexico,+1-555-2262
6865,Ivan Ferreira,ivan.ferreira6865@example.com,21,Japan,+1-555-3734
6866,Fiona Mensah,fiona.mensah6866@example.com,34,Kenya,+1-555-2685
6867,Omar Duarte,omar.duarte6867@example.com,61,France,+1-555-2889
6868,Dana Petit,dana.petit6868@example.com,50,USA,+1-555-1721
6869,Nadia Kimura,nadia.kimura6869@example.com,18,Russia,+1-555-1753
6870,Helena Ferreira,helena.ferreira6870@example.com,42,Germany,+1-555-3458
6871,Carlos Baptiste,carlos.baptiste6871@example.com,72,USA,+1-555-7870
6872,Dana Ferreira,dana.ferreira6872@example.com,33,Italy,+1-555-6241
6873,Elias Kimura,elias.kimura6873@example.com,22,Mexico,+1-555-7108
6874,Bianca Suzuki,bianca.suzuki6874@example.com,61,Germany,+1-555-1862
6875,Carlos Rossi,carlos.rossi6875@example.com,69,Norway,+1-555-1752
6876,Gustavo Nowak,gustavo.nowak6876@example.com,74,Japan,+1-555-5625
6877,Marco Kimura,marco.kimura6877@example.com,37,Egypt,+1-555-2415
6878,Ivan Ivanov,ivan.ivanov6878@example.com,18,Egypt,+1-555-4287
6879,Elias Duarte,elias.duarte6879@example.com,68,Nigeria,+1-555-4974
6880,Helena Ferreira,helena.ferreira6880@example.com,55,Japan,+1-555-4201
6881,Lucia Baptiste,lucia.baptiste6881@example.com,52,Kenya,+1-555-5016
6882,Carlos Silva,carlos.silva6882@example.com,44,USA,+1-555-4817
6883,Ivan Ferreira,ivan.ferreira6883@example.com,58,Canada,+1-555-1157
6884,Fiona Silva,fiona.silva6884@example.com,66,India,+1-555-7164
6885,Nadia Petit,nadia.petit6885@example.com,64,Nigeria,+1-555-2703
6886,Dana Suzuki,dana.suzuki6886@example.com,33,Italy,+1-555-9061
6887,Alex Mensah,alex.mensah6887@example.com,63,Nigeria,+1-555-2524
6888,Alex Baptiste,alex.baptiste6888@example.com,32,Germany,+1-555-9515
6889,Gustavo Petit,gustavo.petit6889@example.com,75,Egypt,+1-555-8511
6890,Lucia Nowak,lucia.nowak6890@example.com,55,Brazil,+1-555-9280
6891,Carlos Okoro,carlos.okoro6891@example.com,70,Italy,+1-555-2226
6892,Julia Duarte,julia.duarte6892@example.com,21,Italy,+1-555-3141
6893,Dana Kowalski,dana.kowalski6893@example.com,34,Canada,+1-555-6161
6894,Omar Alvarez,omar.alvarez6894@example.com,43,France,+1-555-6345
6895,Fiona Ivanov,fiona.ivanov6895@example.com,35,Russia,+1-555-2223
6896,Dana Mensah,dana.mensah6896@example.com,67,Kenya,+1-555-2785
6897,Carlos Nowak,carlos.nowak6897@example.com,28,Japan,+1-555-8635
6898,Fiona Haddad,fiona.haddad6898@example.com,25,Norway,+1-555-6870
6899,Marco Rossi,marco.rossi6899@example.com,46,Nigeria,+1-555-8591
6900,Elias Kimura,elias.kimura6900@example.com,25,Brazil,+1-555-3582
6901,Marco Okoro,marco.okoro6901@example.com,37,Canada,+1-555-1660
6902,Dana Kimura,dana.kimura6902@example.com,72,Egypt,+1-555-3430
6903,Bianca Petit,bianca.petit6903@example.com,33,Egypt,+1-555-7492
6904,Ivan Silva,ivan.silva6904@example.com,61,Nigeria,+1-555-5262
6905,Nadia Mensah,nadia.mensah6905@example.com,19,Italy,+1-555-8408
6906,Ivan Petit,ivan.petit6906@example.com,53,Russia,+1-555-2551
6907,Helena Nowak,helena.nowak6907@example.com,69,Kenya,+1-555-3290
6908,Bianca Silva,bianca.silva6908@example.com,21,Canada,+1-555-4641
6909,Carlos Rossi,carlos.rossi6909@example.com,70,Italy,+1-555-7098
6910,Kwame Okoro,kwame.okoro6910@example.com,59,Brazil,+1-555-5240
6911,Omar Kimura,omar.kimura6911@example.com,22,USA,+1-555-2056
6912,Dana Baptiste,dana.baptiste6912@example.com,59,Japan,+1-555-3110
6913,Bianca Baptiste,bianca.baptiste6913@example.com,72,Canada,+1-555-6432
6914,Bianca Silva,bianca.silva6914@example.com,47,USA,+1-555-3752
6915,Omar Duarte,omar.duarte6915@example.com,45,Canada,+1-555-7471
6916,Helena Silva,helena.silva6916@example.com,42,India,+1-555-7990
6917,Carlos Ferreira,carlos.ferreira6917@example.com,31,Germany,+1-555-4066
6918,Elias Kowalski,elias.kowalski6918@example.com,46,Germany,+1-555-3435
6919,,alex.duarte6919@example.com,57,Mexico,+1-555-5026
6920,Elias Ivanov,elias.ivanov6920@example.com,44,Germany,+1-555-8848
6921,Alex Nowak,alex.nowak6921@example.com,35,Italy,+1-555-3248
6922,Gustavo Rossi,gustavo.rossi6922@example.com,59,Germany,+1-555-9614
6923,Dana Okoro,dana.okoro6923@example.com,69,Norway,+1-555-1319
6924,Gustavo Alvarez,gustavo.alvarez6924@example.com,63,Egypt,+1-555-8859
6925,Ivan Alvarez,ivan.alvarez6925@example.com,49,Egypt,+1-555-9231
6926,Fiona Haddad,fiona.haddad6926@example.com,35,China,+1-555-1427
6927,Fiona Duarte,fiona.duarte6927@example.com,32,USA,+1-555-5602
6928,Alex Alvarez,alex.alvarez6928@example.com,48,Norway,+1-555-6856
6929,Marco Duarte,marco.duarte6929@example.com,32,China,+1-555-2640
6930,Dana Okoro,dana.okoro6930@example.com,33,Nigeria,+1-555-9743
6931,Nadia Alvarez,nadia.alvarez6931@example.com,65,USA,+1-555-4594
6932,Julia Kimura,julia.kimura6932@example.com,69,Italy,+1-555-6813
6933,Omar Kimura,omar.kimura6933@example.com,72,China,+1-555-3885
6934,Dana Duarte,dana.duarte6934@example.com,38,Kenya,+1-555-6878
6935,Omar Duarte,omar.duarte6935@example.com,19,France,+1-555-6761
6936,Julia Duarte,julia.duarte6936@example.com,27,Mexico,+1-555-4084
6937,Nadia Alvarez,nadia.alvarez6937@example.com,74,Japan,+1-555-9882
6938,Elias Mensah,elias.mensah6938@example.com,49,USA,+1-555-2478
6939,Alex Rossi,alex.rossi6939@example.com,56,Russia,+1-555-1326
6940,Ivan Ivanov,ivan.ivanov6940@example.com,18,Egypt,+1-555-4300
6941,Marco Mensah,marco.mensah6941@example.com,39,France,+1-555-3907
6942,Omar Alvarez,omar.alvarez6942@example.com,72,Canada,+1-555-6301
6943,Alex Silva,alex.silva6943@example.com,27,Mexico,+1-555-3320
6944,Marco Nowak,marco.nowak6944@example.com,72,Norway,+1-555-6978
6945,Bianca Ferreira,bianca.ferreira6945@example.com,63,India,+1-555-7481
6946,Julia Nowak,julia.nowak6946@example.com,39,Nigeria,+1-555-6285
6947,Carlos Mensah,carlos.mensah6947@example.com,64,Italy,+1-555-8982
6948,Kwame Ferreira,kwame.ferreira6948@example.com,29,France,+1-555-6846
6949,Dana Okoro,dana.okoro6949@example.com,55,Canada,+1-555-3872
6950,Gustavo Kowalski,gustavo.kowalski6950@example.com,64,France,+1-555-5825
6951,Carlos Mensah,carlos.mensah6951@example.com,64,USA,+1-555-7415
6952,Nadia Alvarez,nadia.alvarez6952@example.com,54,USA,+1-555-3983
6953,Julia Ferreira,julia.ferreira6953@example.com,69,Mexico,+1-555-4619
6954,Kwame Duarte,kwame.duarte6954@example.com,24,Germany,+1-555-9129
6955,Carlos Ferreira,carlos.ferreira6955@example.com,65,Brazil,+1-555-4899
6956,Fiona Ferreira,fiona.ferreira6956@example.com,28,India,+1-555-2453
6957,Nadia Petit,nadia.petit6957@example.com,60,India,+1-555-6500
6958,Helena Silva,helena.silva6958@example.com,34,Russia,+1-555-5088
6959,Lucia Nowak,lucia.nowak6959@example.com,40,Nigeria,+1-555-2770
6960,Lucia Silva,lucia.silva6960@example.com,21,Italy,+1-555-8179
6961,Lucia Haddad,lucia.haddad6961@example.com,28,Germany,+1-555-7783
6962,Helena Baptiste,helena.baptiste6962@example.com,42,Egypt,+1-555-9946
6963,Gustavo Nowak,gustavo.nowak6963@example.com,71,Japan,+1-555-4695
6964,Carlos Ivanov,carlos.ivanov6964@example.com,22,Kenya,+1-555-1547
6965,Elias Silva,elias.silva6965@example.com,38,Nigeria,+1-555-2715
6966,Bianca Ferreira,bianca.ferreira6966@example.com,28,Germany,+1-555-7151
6967,Carlos Petit,carlos.petit6967@example.com,22,Norway,+1-555-2525
6968,Fiona Duarte,fiona.duarte6968@example.com,57,Germany,+1-555-8909
6969,Lucia Silva,lucia.silva6969@example.com,45,India,+1-555-3703
6970,Julia Baptiste,julia.baptiste6970@example.com,45,China,+1-555-1877
6971,Bianca Ferreira,bianca.ferreira6971@example.com,31,Russia,+1-555-7705
6972,Lucia Suzuki,lucia.suzuki6972@example.com,64,Germany,+1-555-9849
6973,Elias Okoro,elias.okoro6973@example.com,36,Nigeria,+1-555-4891
6974,Bianca Silva,bianca.silva6974@example.com,43,Mexico,+1-555-9043
6975,Carlos Silva,carlos.silva6975@example.com,41,USA,+1-555-8005
6976,Bianca Kowalski,bianca.kowalski6976@example.com,70,India,+1-555-8869
6977,Dana Nowak,dana.nowak6977@example.com,19,Russia,+1-555-3798
6978,Kwame Kowalski,kwame.kowalski6978@example.com,23,Japan,+1-555-2892
6979,Elias Alvarez,elias.alvarez6979@example.com,43,Japan,+1-555-9013
6980,Omar Okoro,omar.okoro6980@example.com,34,Brazil,+1-555-9914
6981,Gustavo Mensah,gustavo.mensah6981@example.com,41,Germany,+1-555-7249
6982,Fiona Mensah,fiona.mensah6982@example.com,46,USA,+1-555-5313
6983,Helena Ivanov,helena.ivanov6983@example.com,34,Russia,+1-555-5400
6984,Julia Silva,julia.silva6984@example.com,27,Kenya,+1-555-2584
6985,Bianca Okoro,bianca.okoro6985@example.com,40,Kenya,+1-555-9871
6986,Gustavo Alvarez,gustavo.alvarez6986@example.com,55,Russia,+1-555-1999
6987,Nadia Haddad,nadia.haddad6987@example.com,70,Norway,+1-555-7858
6988,Ivan Okoro,ivan.okoro6988@example.com,73,Germany,+1-555-8779
6989,Julia Baptiste,julia.baptiste6989@example.com,33,Japan,+1-555-5896
6990,Bianca Haddad,bianca.haddad6990@example.com,75,Canada,+1-555-1568
6991,Ivan Duarte,ivan.duarte6991@example.com,75,Norway,+1-555-3415
6992,Bianca Alvarez,bianca.alvarez6992@example.com,46,China,+1-555-3738
6993,Dana Alvarez,dana.alvarez6993@example.com,30,China,+1-555-1699
6994,Gustavo Nowak,gustavo.nowak6994@example.com,61,Italy,+1-555-4308
6995,Nadia Okoro,nadia.okoro6995@example.com,27,Canada,+1-555-5225
6996,Fiona Baptiste,fiona.baptiste6996@example.com,64,Germany,+1-555-2097
6997,Bianca Haddad,bianca.haddad6997@example.com,53,Italy,+1-555-6343
6998,Nadia Kowalski,nadia.kowalski6998@example.com,51,Japan,+1-555-1202
6999,Marco Petit,marco.petit6999@example.com,57,Mexico,+1-555-9561
7000,Marco Haddad,marco.haddad7000@example.com,25,Italy,+1-555-3451
7001,Carlos Duarte,carlos.duarte7001@example.com,55,Mexico,+1-555-2641
7002,Omar Nowak,omar.nowak7002@example.com,54,Kenya,+1-555-2654
7003,Marco Kowalski,marco.kowalski7003@example.com,73,Norway,+1-555-6633
7004,Omar Haddad,omar.haddad7004@example.com,34,Italy,+1-555-8955
7005,Julia Duarte,julia.duarte7005@example.com,48,USA,+1-555-3821
7006,Elias Haddad,elias.haddad7006@example.com,27,Mexico,+1-555-7581
7007,Alex Haddad,alex.haddad7007@example.com,74,Germany,+1-555-6431
7008,Lucia Rossi,lucia.rossi7008@example.com,21,France,+1-555-8785
7009,Omar Kowalski,omar.kowalski7009@example.com,75,Egypt,+1-555-1331
7010,Fiona Kimura,fiona.kimura7010@example.com,68,Nigeria,+1-555-6094
7011,Elias Kimura,elias.kimura7011@example.com,49,Canada,+1-555-2609
7012,Nadia Rossi,nadia.rossi7012@example.com,26,Nigeria,+1-555-8259
7013,Marco Kimura,marco.kimura7013@example.com,38,Nigeria,+1-555-7828
7014,Julia Okoro,julia.okoro7014@example.com,23,Russia,+1-555-8237
7015,Dana Baptiste,dana.baptiste7015@example.com,70,Italy,+1-555-8937
7016,Marco Suzuki,marco.suzuki7016@example.com,73,Egypt,+1-555-1920
7017,Ivan Alvarez,ivan.alvarez7017@example.com,28,Brazil,+1-555-6097
7018,Lucia Suzuki,lucia.suzuki7018@example.com,43,China,+1-555-9589
7019,Omar Duarte,omar.duarte7019@example.com,19,China,+1-555-4158
7020,Omar Kimura,omar.kimura7020@example.com,30,Canada,+1-555-1944
7021,Dana Silva,dana.silva7021@example.com,47,USA,+1-555-6904
7022,Lucia Rossi,lucia.rossi7022@example.com,35,Egypt,+1-555-8605
7023,Ivan Haddad,ivan.haddad7023@example.com,58,Germany,+1-555-3029
7024,Kwame Silva,kwame.silva7024@example.com,33,Egypt,+1-555-9008
7025,Julia Ivanov,julia.ivanov7025@example.com,29,Canada,+1-555-8775
7026,Julia Suzuki,julia.suzuki7026@example.com,40,Egypt,+1-555-3679
7027,Nadia Baptiste,nadia.baptiste7027@example.com,34,France,+1-555-2480
7028,Elias Silva,elias.silva7028@example.com,42,USA,+1-555-3669
7029,Nadia Duarte,nadia.duarte7029@example.com,67,Russia,+1-555-4626
7030,Kwame Rossi,kwame.rossi7030@example.com,61,Russia,+1-555-5408
7031,Kwame Haddad,kwame.haddad7031@example.com,50,USA,+1-555-1145
7032,Helena Baptiste,helena.baptiste7032@example.com,26,India,+1-555-3837
7033,Julia Alvarez,julia.alvarez7033@example.com,18,Russia,+1-555-5135
7034,Julia Alvarez,julia.alvarez7034@example.com,130,France,+1-555-5511
7035,Nadia Ferreira,nadia.ferreira7035@example.com,47,Nigeria,+1-555-4575
7036,Helena Kowalski,helena.kowalski7036@example.com,61,Norway,+1-555-7506
7037,Julia Nowak,julia.nowak7037@example.com,18,Norway,+1-555-7131
7038,Ivan Okoro,ivan.okoro7038@example.com,56,Mexico,+1-555-5631
7039,Elias Okoro,elias.okoro7039@example.com,24,Japan,+1-555-2045
7040,Fiona Kowalski,fiona.kowalski7040@example.com,58,Egypt,+1-555-5536
7041,Elias Okoro,elias.okoro7041@example.com,63,Germany,+1-555-5895
7042,Dana Mensah,dana.mensah7042@example.com,51,Kenya,+1-555-4937
7043,Omar Silva,omar.silva7043@example.com,69,Canada,+1-555-7620
7044,Kwame Ferreira,kwame.ferreira7044@example.com,61,China,+1-555-1417
7045,Kwame Ivanov,kwame.ivanov7045@example.com,36,Nigeria,+1-555-7857
7046,Gustavo Haddad,gustavo.haddad7046@example.com,65,USA,+1-555-4111
7047,Fiona Petit,fiona.petit7047@example.com,63,Russia,+1-555-9759
7048,Kwame Alvarez,kwame.alvarez7048@example.com,48,Germany,+1-555-6873
7049,Ivan Kowalski,ivan.kowalski7049@example.com,72,China,+1-555-3967
7050,Elias Nowak,elias.nowak7050@example.com,48,China,+1-555-5237
7051,Lucia Alvarez,lucia.alvarez7051@example.com,53,Kenya,+1-555-3999
7052,Kwame Baptiste,kwame.baptiste7052@example.com,39,India,+1-555-2463
7053,Dana Ferreira,dana.ferreira7053@example.com,32,France,+1-555-6031
7054,Gustavo Alvarez,gustavo.alvarez7054@example.com,74,Egypt,+1-555-7089
7055,Elias Duarte,elias.duarte7055@example.com,36,Japan,+1-555-2929
7056,Helena Silva,helena.silva7056@example.com,73,India,+1-555-2166
7057,Helena Baptiste,helena.baptiste7057@example.com,30,Norway,+1-555-2963
7058,Nadia Okoro,nadia.okoro7058@example.com,42,Norway,+1-555-5888
7059,Gustavo Silva,gustavo.silva7059@example.com,73,Canada,+1-555-3470
7060,Carlos Rossi,carlos.rossi7060@example.com,39,Italy,+1-555-8496
7061,Carlos Ferreira,carlos.ferreira7061@example.com,73,France,+1-555-3954
7062,Marco Nowak,marco.nowak7062@example.com,49,Egypt,+1-555-3897
7063,Fiona Okoro,fiona.okoro7063@example.com,21,USA,+1-555-8406
7064,Elias Rossi,elias.rossi7064@example.com,66,Kenya,+1-555-3762
7065,Julia Alvarez,julia.alvarez7065@example.com,28,Japan,+1-555-2442
7066,Carlos Duarte,carlos.duarte7066@example.com,45,India,+1-555-8035
7067,Gustavo Haddad,gustavo.haddad7067@example.com,48,Italy,+1-555-1076
7068,Alex Suzuki,alex.suzuki7068@example.com,30,France,+1-555-7112
7069,Alex Baptiste,alex.baptiste7069@example.com,38,Kenya,+1-555-9700
7070,Dana Silva,dana.silva7070@example.com,61,USA,+1-555-5076
7071,Dana Petit,dana.petit7071@example.com,74,Egypt,+1-555-6113
7072,Carlos Nowak,carlos.nowak7072@example.com,42,Norway,+1-555-6015
7073,Carlos Nowak,carlos.nowak7073@example.com,70,USA,+1-555-5885
7074,Elias Ivanov,elias.ivanov7074@example.com,64,Norway,+1-555-9587
7075,Fiona Haddad,fiona.haddad7075@example.com,74,India,+1-555-3192
7076,Fiona Baptiste,fiona.baptiste7076@example.com,49,Egypt,+1-555-4087
7077,Carlos Baptiste,carlos.baptiste7077@example.com,69,Italy,+1-555-1313
7078,Dana Rossi,dana.rossi7078@example.com,64,China,+1-555-4460
7079,Lucia Silva,lucia.silva7079@example.com,55,Norway,+1-555-3768
7080,Bianca Ferreira,bianca.ferreira7080@example.com,63,India,+1-555-1612
7081,Gustavo Baptiste,gustavo.baptiste7081@example.com,58,Nigeria,+1-555-9761
7082,Julia Silva,julia.silva7082@example.com,56,USA,+1-555-2771
7083,Kwame Kimura,kwame.kimura7083@example.com,19,USA,+1-555-2897
7084,Gustavo Ivanov,gustavo.ivanov7084@example.com,42,Brazil,+1-555-9966
7085,Elias Ivanov,elias.ivanov7085@example.com,62,China,+1-555-4366
7086,Lucia Okoro,lucia.okoro7086@example.com,58,USA,+1-555-5933
7087,Gustavo Okoro,gustavo.okoro7087@example.com,24,India,+1-555-9524
7088,Elias Duarte,elias.duarte7088@example.com,56,France,+1-555-3247
7089,Gustavo Kimura,gustavo.kimura7089@example.com,75,Brazil,+1-555-9381
7090,Lucia Duarte,lucia.duarte7090@example.com,25,Nigeria,+1-555-2867
7091,Marco Nowak,marco.nowak7091@example.com,49,Russia,+1-555-4272
7092,Marco Kowalski,marco.kowalski7092@example.com,71,Norway,+1-555-4304
7093,Fiona Petit,fiona.petit7093@example.com,44,Nigeria,+1-555-3627
7094,Alex Suzuki,alex.suzuki7094@example.com,49,Germany,+1-555-4402
7095,Lucia Baptiste,lucia.baptiste7095@example.com,48,Egypt,+1-555-4842
7096,Alex Silva,alex.silva7096@example.com,60,Brazil,+1-555-2809
7097,Nadia Duarte,nadia.duarte7097@example.com,60,Japan,+1-555-3443
7098,Bianca Alvarez,bianca.alvarez7098@example.com,50,Brazil,+1-555-2659
7099,Omar Kowalski,omar.kowalski7099@example.com,59,Russia,+1-555-8483
7100,Elias Kowalski,elias.kowalski7100@example.com,47,USA,+1-555-2635
7101,Nadia Mensah,nadia.mensah7101@example.com,73,USA,+1-555-5760
7102,Fiona Alvarez,fiona.alvarez7102@example.com,61,Egypt,+1-555-7979
7103,Lucia Nowak,lucia.nowak7103@example.com,24,Canada,+1-555-1751
7104,Alex Kimura,alex.kimura7104@example.com,26,India,+1-555-3793
7105,Fiona Ferreira,fiona.ferreira7105@example.com,75,Japan,+1-555-5395
7106,Omar Petit,omar.petit7106@example.com,23,Egypt,+1-555-6615
7107,Carlos Nowak,carlos.nowak7107@example.com,43,Italy,+1-555-8479
7108,Elias Kimura,elias.kimura7108@example.com,42,France,+1-555-8835
7109,Marco Haddad,marco.haddad7109@example.com,59,Germany,+1-555-3732
7110,Bianca Mensah,bianca.mensah7110@example.com,62,France,+1-555-1960
7111,Nadia Mensah,nadia.mensah7111@example.com,24,Italy,+1-555-8908
7112,Marco Duarte,marco.duarte7112@example.com,61,Japan,+1-555-3969
7113,Julia Haddad,julia.haddad7113@example.com,67,Egypt,+1-555-1472
7114,Nadia Okoro,nadia.okoro7114@example.com,74,Canada,+1-555-3140
7115,Helena Baptiste,helena.baptiste7115@example.com,49,Brazil,+1-555-7738
7116,Helena Silva,helena.silva7116example.com,22,Nigeria,+1-555-6148
7117,Lucia Kimura,lucia.kimura7117@example.com,61,Norway,+1-555-4669
7118,Kwame Kimura,kwame.kimura7118@example.com,39,Norway,+1-555-9570
7119,Lucia Petit,lucia.petit7119@example.com,57,Brazil,+1-555-8091
7120,Kwame Petit,kwame.petit7120@example.com,33,Japan,+1-555-6664
7121,Kwame Okoro,kwame.okoro7121@example.com,59,Italy,+1-555-3435
7122,Nadia Kimura,nadia.kimura7122@example.com,53,Germany,+1-555-1894
7123,Alex Okoro,alex.okoro7123@example.com,28,Norway,+1-555-8688
7124,Nadia Ivanov,nadia.ivanov7124@example.com,73,China,+1-555-2226
7125,Marco Ivanov,marco.ivanov7125@example.com,38,Russia,+1-555-6421
7126,Elias Silva,elias.silva7126@example.com,50,Russia,+1-555-7203
7127,Gustavo Kimura,gustavo.kimura7127@example.com,33,Brazil,+1-555-8521
7128,Helena Alvarez,helena.alvarez7128@example.com,54,Japan,+1-555-2442
7129,Nadia Ivanov,nadia.ivanov7129@example.com,46,Egypt,+1-555-2944
7130,Helena Petit,helena.petit7130@example.com,59,USA,+1-555-2681
7131,Gustavo Haddad,gustavo.haddad7131@example.com,20,Norway,+1-555-9996
7132,Alex Kimura,alex.kimura7132@example.com,23,Kenya,+1-555-5990
7133,Omar Suzuki,omar.suzuki7133@example.com,53,Russia,+1-555-8474
7134,Fiona Ferreira,fiona.ferreira7134@example.com,70,USA,+1-555-4652
7135,Nadia Ivanov,nadia.ivanov7135@example.com,39,Norway,+1-555-8751
7136,Lucia Okoro,lucia.okoro7136@example.com,41,France,+1-555-8414
7137,Bianca Nowak,bianca.nowak7137@example.com,66,India,+1-555-4633
7138,Alex Ferreira,alex.ferreira7138@example.com,40,Canada,+1-555-5783
7139,Ivan Suzuki,ivan.suzuki7139@example.com,41,France,+1-555-2741
7140,Alex Baptiste,alex.baptiste7140@example.com,28,Japan,+1-555-3301
7141,Nadia Petit,nadia.petit7141@example.com,65,France,+1-555-7704
7142,Bianca Kowalski,bianca.kowalski7142@example.com,57,Russia,+1-555-4072
7143,Bianca Baptiste,bianca.baptiste7143@example.com,72,Italy,+1-555-4532
7144,Helena Kimura,helena.kimura7144@example.com,68,Russia,+1-555-6536
7145,Bianca Alvarez,bianca.alvarez7145@example.com,44,USA,+1-555-3018
7146,Marco Baptiste,marco.baptiste7146@example.com,46,Japan,+1-555-9260
7147,Carlos Ivanov,carlos.ivanov7147@example.com,18,Norway,+1-555-1795
7148,Ivan Baptiste,ivan.baptiste7148@example.com,45,Canada,+1-555-8912
7149,,omar.suzuki7149@example.com,67,Germany,+1-555-3903
7150,Julia Mensah,julia.mensah7150@example.com,64,Canada,+1-555-3103
7151,Bianca Haddad,bianca.haddad7151@example.com,60,Mexico,+1-555-6273
7152,Ivan Baptiste,ivan.baptiste7152@example.com,42,Italy,+1-555-5067
7153,Elias Haddad,elias.haddad7153@example.com,39,Nigeria,+1-555-8419
7154,Marco Mensah,marco.mensah7154@example.com,26,Italy,+1-555-9393
7155,Elias Kimura,elias.kimura7155@example.com,62,Norway,+1-555-6143
7156,Lucia Petit,lucia.petit7156@example.com,53,India,+1-555-4560
7157,Dana Rossi,dana.rossi7157@example.com,57,France,+1-555-5760
7158,Kwame Ferreira,kwame.ferreira7158@example.com,61,China,+1-555-3913
7159,Ivan Suzuki,ivan.suzuki7159@example.com,62,India,+1-555-6281
7160,Lucia Nowak,lucia.nowak7160@example.com,66,Egypt,+1-555-8870
7161,Julia Duarte,julia.duarte7161@example.com,60,France,+1-555-7839
7162,Kwame Petit,kwame.petit7162@example.com,75,Canada,+1-555-9747
7163,Elias Baptiste,elias.baptiste7163@example.com,72,Italy,+1-555-1209
7164,Ivan Nowak,ivan.nowak7164@example.com,19,Italy,+1-555-3381
7165,Alex Okoro,alex.okoro7165@example.com,21,Russia,+1-555-5374
7166,Marco Alvarez,marco.alvarez7166@example.com,28,Nigeria,+1-555-5105
7167,Carlos Kimura,carlos.kimura7167@example.com,21,France,+1-555-5835
7168,Dana Alvarez,dana.alvarez7168@example.com,52,USA,+1-555-6876
7169,Nadia Ivanov,nadia.ivanov7169@example.com,24,Mexico,+1-555-4675
7170,Lucia Okoro,lucia.okoro7170@example.com,53,Italy,+1-555-4892
7171,Ivan Alvarez,ivan.alvarez7171@example.com,68,Kenya,+1-555-5712
7172,Lucia Okoro,lucia.okoro7172@example.com,21,Germany,+1-555-7251
7173,Gustavo Haddad,gustavo.haddad7173@example.com,68,India,+1-555-6122
7174,Ivan Silva,ivan.silva7174@example.com,18,France,+1-555-5117
7175,Dana Duarte,dana.duarte7175@example.com,73,Kenya,+1-555-8259
7176,Nadia Rossi,nadia.rossi7176@example.com,58,France,+1-555-7025
7177,Marco Duarte,marco.duarte7177@example.com,52,France,+1-555-4218
7178,Marco Petit,marco.petit7178@example.com,30,Nigeria,+1-555-8353
7179,Carlos Okoro,carlos.okoro7179@example.com,22,China,+1-555-3847
7180,Lucia Suzuki,lucia.suzuki7180@example.com,25,Italy,+1-555-1665
7181,Gustavo Kowalski,gustavo.kowalski7181@example.com,53,Nigeria,+1-555-3131
7182,Carlos Duarte,carlos.duarte7182@example.com,72,Nigeria,+1-555-1092
7183,Fiona Ivanov,fiona.ivanov7183@example.com,63,Germany,+1-555-3536
7184,Alex Mensah,alex.mensah7184@example.com,38,Mexico,+1-555-1833
7185,Marco Baptiste,marco.baptiste7185@example.com,58,Mexico,+1-555-5934
7186,Helena Alvarez,helena.alvarez7186@example.com,54,Norway,+1-555-6866
7187,Bianca Alvarez,bianca.alvarez7187@example.com,63,Egypt,+1-555-9608
7188,Dana Mensah,dana.mensah7188@example.com,51,Brazil,+1-555-9276
7189,Carlos Haddad,carlos.haddad7189@example.com,52,Norway,+1-555-7609
7190,Bianca Ferreira,bianca.ferreira7190@example.com,32,Germany,+1-555-4495
7191,Kwame Ferreira,kwame.ferreira7191@example.com,39,Egypt,+1-555-5809
7192,Dana Alvarez,dana.alvarez7192@example.com,57,Norway,+1-555-8780
7193,Ivan Kimura,ivan.kimura7193@example.com,66,India,+1-555-1144
7194,Bianca Okoro,bianca.okoro7194@example.com,40,Japan,+1-555-4937
7195,Omar Okoro,omar.okoro7195@example.com,57,Germany,+1-555-4994
7196,Alex Okoro,alex.okoro7196@example.com,74,Egypt,+1-555-7248
7197,Omar Alvarez,omar.alvarez7197@example.com,25,Italy,+1-555-5203
7198,Ivan Petit,ivan.petit7198@example.com,36,USA,+1-555-9468
7199,Nadia Alvarez,nadia.alvarez7199@example.com,41,Norway,+1-555-9335
